url,title,authors,publish_date,text,category
http://www.m-i.kr/news/articleView.html?idxno=1116839,[기획***REMOVED*** “먹거리에 공공요금까지”… 물가 도미노 현실화,[***REMOVED***,2024-05-02 12:00:00+09:00,"누르던 먹거리 물가 터졌다… 외식업계 가격 줄인상

정부 공공요금 동결…가스공사·한전, 재무 개선 압박

가격 인상을 자제해온 식품‧외식업계가 연이어 가격 인상을 단행하고, 하반기 공공요금까지 오를 가능성이 높아 물가 도미노 현상이 현실화 될 것이라는 우려의 목소리가 나온다. 사진=연합뉴스

매일일보 = 강소슬 기자 | 4.10 총선 이후 물가 인상을 자제해온 식품‧외식업계가 연이어 가격을 올리고 있다. 고환율·고유가 등 대내외 악재가 겹쳐 하반기에는 공공요금 인상까지 이어질 가능성이 높아 물가 도미노 현상이 우려된다.

2일 통계청에 따르면 4월 소비자물가지수는 전년 동월 대비 2.9% 상승한 113.99(2020=100***REMOVED***를 기록했다. 3%대를 유지하던 물가 상승률은 다소 둔화됐으나 여전히 안정적인 수준은 아니다. 생활물가지수는 3.5% 상승했으며, 신선식품지수는 전월 대비 3.7% 하락했지만 전년 동월 대비 19.1% 증가하는 등 불안정한 모습이다.

정부는 연말까지 물가상승률 2% 초반대로 안정적인 흐름을 전망했으나, 현실은 다르다. 특히 먹거리와 생필품 가격 인상에 이어 공공요금 인상될 경우 하반기 물가 전망치는 3% 수준으로 고착화될 가능성이 높다.

최근 국제유가는 이스라엘과 이란의 충돌 등 중동 정세 악화로 배럴당 80달러를 웃돌고 있다. 정부는 도시가스 요금은 물가 전반에 미치는 영향이 크다는 점을 들어 가스요금을 구성하는 원료비와 공급비를 모두 동결했다. 가스공사는 지난해 7월부터 동결해 실질적 적자로 분류되는 미수금이 지난해 13조원까지 쌓였다.

전기요금도 동결됐다. 한국전력공사의 누적 적자는 43조원이다. 국제유가가 이란과 이스라엘 간 갈등 탓에 국제유가는 배럴당 80달러 이상 수준을 유지 중인 만큼 국제유가를 반영하는 도시가스와 국제유가와 밀접한 연관성을 보이는 전기요금은 하반기 줄 인상될 가능성이 크다는 관측이 나온다.

버스비와 지하철 요금 등 교통비 역시 오를 수 있다는 우려도 제기된다. 시내버스 요금의 경우, 서울 시내버스가 지난 3월 말 12년 만에 파업에 돌입하면서 인상될 여지가 커졌으며, 서울 지하철 요금을 이미 하반기 중 150원 인상키로 했다.

최근 원자재 가격과 에너지 비용, 인건비, 임대료 등 제반 비용 상승을 이유로 외식업체들이 가격을 잇달아 인상하며 외식물가는 가파르게 상승했다. 2일 한국소비자원의 가격정보 종합 포털 참가격에 따르면 3월 냉면, 김밥 등 대표 외식 품목 8개의 서울 지역 평균 가격은 1년 전보다 최대 7%대 올랐다.

프랜차이즈 업계는 연이어 가격 인상에 나서고 있다. 한국맥도날드와 피자헛은 2일부로 일부 메뉴 가격을 인상했다. 앞서 지난달 굽네가 치킨 등 메뉴 가격을 평균 4% 인상했으며, 가성비 피자로 꼽히는 고피자도 지난달 피자 단품 가격을 일제히 1000원씩 인상했다.

원초 수요 증가로 김밥 가격도 올랐다. 김가네김밥, 바르다김선생, 마녀김밥 등 김밥 프렌차이즈 기업들도 지난달 일제히 가격 인상 행렬에 동참했다.

환율도 지난달 중순 장중 1400원선까지 오르는 등 고환율 현상을 보인다. 환율이 오르면 수입물가에 영향을 미치고, 수입물가 상승은 다시 1~3개월 정도 시차를 두고 소비자물가를 끌어올리는 원인이 된다.

수입 원자재 가격 상승으로 식품업계는 가격 인상 카드를 꺼낼 가능성이 커졌다. 가격 인상 시기를 6월로 늦추긴 했지만, 롯데웰푸드는 빼빼로·칸쵸·가나 초콜릿 등의 가격을 평균 12% 올리기로 했다.

업계 관계자는 “정부의 물가 안정 기조에 맞춰 가격 인상하지 못하고 눈치 보던 외식·식품업계가 수익성 개선을 위해 가격 인상에 나서고 있다”며 “정부 차원에서도 가격 인상 자제 협조 요청만이 아닌 근본적인 해결책을 마련해야 할 것”이라고 전했다.

한편, 정부는 물가 안정을 통한 체감 경기 회복을 위해 담합 등 불공정행위에 대한 ‘집중 모니터링’에 나선다는 방침이다. 공정위는 먼저 조사관리관을 팀장으로 하는 ‘시장 모니터링 전담팀’을 구성, 운영해 먹거리, 생필품, 서비스 등 민생 밀접 분야에서 담합이나 재판매 가격 유지 행위 등 불공정행위가 벌어지는지를 감시한다.

저작권자 © 매일일보 무단전재 및 재배포 금지",파업
http://www.m-i.kr/news/articleView.html?idxno=1116735,[기획***REMOVED*** “물가 자극하는 대내외 악재 산적”…공공요금 하반기 줄인상 가능성↑,[***REMOVED***,2024-05-02 14:39:44+09:00,"물가 ‘복병’ 공공요금…도시가스·전기료 동결

누적 적자 한계로 하반기 인상 가능성 높아

물가 자극하는 대내외 악재가 산적한 상황이라 하반기 공공요금이 줄인상될 가능성이 높아지고 있다. 사진=연합뉴스

매일일보 = 강소슬 기자 | 최근 이란과 이스라엘의 충돌로 중동 리스크가 고조되면서 국제유가가 상승세를 보이는 가운데, 올해 하반기 공공요금 인상이 불가피해졌다는 전망이 나온다.

2일 산업통상자원부에 따르면 정부는 가스공사의 재무 위기 상황을 고려해 요금 인상을 검토해왔지만, 가스요금을 구성하는 원료비와 공급비를 모두 동결했다.

도시가스 요금은 물가 전반에 미치는 영향이 크다는 점에서 정부는 도시가스 가격 인상에 신중할 수밖에 없다. 실제로 정부는 지난해 2분기 이후 1년 가까이 민수용 도시가스 요금을 동결 중이다.

도시가스 도매요금은 원료비와 공급비용으로 구성된다. 민수용(주택·일반용***REMOVED*** 기준 도매요금은 국제유가·환율 등 국내 도입가격에 미치는 영향을 반영해 홀수월 산정된다. 총괄원가에서 원료비를 뺀 공급비용은 연 1회 조정한다. 이 같은 구조로 결정되는 도시가스 요금은 지난해 7월부터 올해 3월까지 다섯 차례 동결됐다.

하지만 하반기까지 가스요금 인상 억제가 지속될지는 미지수다. 가스공사는 실질적 적자로 분류되는 미수금이 지난해 13조원까지 쌓인 상태다. 공사는 가스를 구입한 가격보다 싸게 팔면 차액만큼 향후 요금에 반영한다고 보고 미수금으로 계상하기 때문에 이는 실질적 적자로 볼 수 있다.

미수금이 지속해 쌓이면 가스공사의 신용도 하락, 현금흐름 등급 악화 또한 면치 못할 것으로 관측된다. 이는 결국 소비자의 비용 부담 전가로 다가오게 된다. 미수금 회수를 위해서는 요금 인상이 유일한 방법이다.

더불어 핵심 공공요금인 전기요금도 상황은 비슷하다. 올해 상반기까지 전기요금은 동결된 상태로, 3분기 전기요금은 오는 6월 발표될 예정이다.

지난해부터 세 차례 인상과 연료가격 하락으로 전력을 판매하는 한국전력공사는 3·4분기 연속 영업이익이 발생해 영업손실이 개선됐다. 하지만 누적 적자만 43조원에 이른다. 부채는 200조원을 넘겨 지난해 이자 비용으로 4조4517억원을 지급했다.

게다가 이란과 이스라엘 간 갈등 탓에 국제 유가는 배럴당 80달러 이상 수준을 유지 중이다. 뉴욕상업거래소에서 1일(현지시각***REMOVED*** CNBC 등에 따르면 근월물인 6월 인도 서부텍사스산 원유(WTI***REMOVED***는 2.93 달러(3.58%***REMOVED*** 하락한 배럴 당 79.00달러로 마감했다. 확전시 100달러를 돌파할 수 있다는 분석이 나온다. 환율 역시 1300원 후반대에서 내려오지 못하는 모습이다.

도시가스는 국제유가를 반영하는 특성을 갖고 있다. 전기는 국제유가와 밀접한 연관성을 보인다. 다른 발전 연료 가격 상승으로 인해 비용 부담이 커지기 때문이다.

또한, 정부가 가격을 동결한 결정은 유예를 한 것이기 때문에 언제든 추가 인상될 가능성이 높다. 실제 정부가 전기요금을 상반기에는 동결하되 그 이후 단계별로 인상한다는 입장을 전한 바 있다. 이는 정부도 한전의 재무 위기를 익히 인지하고 있다는 것으로 풀이된다.

산업부 관계자는 “물가 수준과 한전의 재무 상황, 에너지 원료 수준 등을 종합적으로 고려해 3분기 전기요금을 결정하게 될 것”이라고 말했다.

상황이 이렇다 보니 도시가스와 전기요금 모두 빠르면 하반기로 인상될 것이라는 관측이 나온다. 도시가스, 전기요금에 이어 교통비 역시 오를 수 있다는 우려도 제기된다.

시내버스 요금의 경우, 서울 시내버스가 지난 3월말 12년 만에 파업에 돌입하면서 인상될 여지가 커졌다.

서울시는 시내버스를 준공영제로 운영하면서 각 회사에 적자 이상의 적정 이윤을 보장해주기 위한 보조금을 지급하고 있다. 지난 파업 때 버스 노·사가 임금 인상률 4.48%와 명절수당 65만원 지급을 합의하며, 서울시가 버스 회사에 지급해야 할 보조금만 600억원이 늘었다. 이는 결국 요금 인상으로 이어질 우려가 크다.

서울시는 지난해 8월 시내버스 간·지선 1500원, 순환·차등 1400원, 광역 3000원, 심야 2500원, 마을버스 1200원으로 요금을 올린 바 있다.

지하철 요금은 이미 서울시가 150원 인상을 예고한 상황이다. 서울시가 시내버스·지하철 요금을 올릴 경우 전국적으로 인상 기조가 확대될 가능성도 배제할 수 없다.

당초 서울시는 지난해 10월 지하철 기본요금을 인상하는 과정에서 한번에 300원을 올릴 구상이었지만, 서민경제 부담에 따른 정부의 공공요금 동결 기조에 맞춰 150원만 인상한 뒤 나머지 150원은 올해 하반기에 인상키로 했다.

저작권자 © 매일일보 무단전재 및 재배포 금지",파업
https://biz.newdaily.co.kr/site/data/html/2024/04/28/2024042800007.html,김밥부터 치킨·피자에 공공요금 인상까지… 가정의 달 물가 융단 폭격,[***REMOVED***,2024-04-28 00:00:00,"▲ 대형마트 전경. ⓒ뉴데일리DB

김밥·치킨·커피 등 외식품목 가격과 가스·지하철 등 공공요금이 줄줄이 인상되면서 가정의 달 5월에 가계 부담이 가중될 것으로 전망된다.





28일 한국소비자원 가격정보 종합포털 참가격에 따르면 지난달 대표 외식품목 8개의 서울지역 평균가격은 1년 전보다 최대 7%대 올랐다.





가격 인상폭이 가장 큰 외식품목은 냉면으로 7.2% 올라 한그릇에 평균 1만1462원을 기록했다.





김밥은 한줄에 3323원으로 6.4%, 비빔밥은 한그릇에 1만769원으로 5.7% 각각 비싸졌다. 김치찌개 백반과 자장면은 각각 8000원, 7069원으로 4.0% 올랐다.





또한 칼국수 한그릇은 9038원으로 3.5%, 삼계탕은 한그릇에 1만6846원으로 3.1% 각각 상승했다. 삼겹살도 1인분(200g***REMOVED***에 1만9514원으로 1년 전보다 1.4% 비싸졌다.





프랜차이즈 업계도 이달 본격적인 가격 인상에 나섰다.





김밥 프랜차이즈 바르다김선생은 지난 9일 메뉴가격을 100∼500원 인상해 대표메뉴인 바른김밥 가격이 4300원에서 4500원으로 올랐다. 앞서 지난해 하반기 김가네도 가격인상을 단행했다.





치킨 프랜차이즈 굽네는 지난 15일 9개 메뉴가격을 1900원씩 올렸다. 대표메뉴인 고추바사삭 가격은 1만9900원으로 2만원에 육박했다.





저가커피 프랜차이즈 업체인 더벤티는 지난 22일부터 카페라떼 등 음료 7종 가격을 200∼500원 인상했다.





'배달·매장 이중가격제' 도입에 따라 배달시 메뉴가격이 더 비싸지는 곳도 있다.





파파이스는 지난 15일 메뉴가격을 평균 4% 올렸고 배달메뉴에는 매장판매가보다 평균 약 5% 높은 가격을 차등적용했다.





KFC도 지난달 19일 이중가격제를 도입해 배달메뉴를 100∼800원씩 비싸게 판매중이다.





5월엔 햄버거와 피자 가격이 인상된다.





맥도날드는 내달 2일부터 16개 메뉴가격을 평균 2.8% 올리기로 했고 피자헛도 같은 날부터 갈릭버터쉬림프, 치즈킹 등 프리미엄 메뉴가격을 올린다.





앞서 고피자도 지난달 피자 단품가격을 1000원씩 올렸다.





외식업계 관계자는 ""재료비, 인건비 등 제반비용이 상승해 메뉴가격 인상이 불가피한 상황""이라며 ""가격을 올리지 않으면 적자경영이 불가피하다""고 말했다.





외식업체뿐 아니라 식품기업도 가격인상을 예고하고 있다. 롯데웰푸드는 코코아 가격 상승에 따라 6월부터 다음달 빼빼로, 가나초콜릿 등 제품가격을 올릴 계획이다. 동원F&B와 CJ제일제당은 김 가격 인상을 검토중이다.





커피 원두값도 고공행진을 이어가고 있다.





26일(현지시간***REMOVED*** 블룸버그통신에 따르면 런던 ICE선물거래소에서 커피시장 양대 품종중 하나인 로부스타 원두의 원두 기준가는 올해 약 50% 급등해 16년만에 최고 수준을 기록했다.





이는 세계 최대 로부스타 생산지인 베트남 원두 재배 농가들이 심각한 물 부족 현상을 겪고 있는 까닭이다. 세계 로부스타 공급량 3분의 1을 담당하는 베트남에서 가뭄으로 원두 생산량이 줄자 원두가격도 역대 최고 수준으로 올랐다.





아라비카 원두와 함께 양분하는 로부스타 품종은 인스턴트커피나 에스프레소, 커피 품종을 혼합하는 블렌딩 제품에 주로 사용된다.





가스·지하철 등 공공요금도 도미노 인상을 앞두고 있다. 도시가스 요금은 5월, 전기요금은 6월 조정될 예정이다.





도시가스 경우 한국가스공사의 미수금이 지난해 기준 13조원까지 쌓이면서 요금인상 압박이 강해지고 있다.





가스공사는 가스를 산 가격보다 싸게 팔면 차액만큼을 향후 도시가스 요금에 반영한다고 보고 미수금으로 계상하는데 실질적인 적자로 분류된다. 미수금을 회수하려면 가스요금을 인상하는 방법밖에 없다.





전기요금도 한국전력의 이자비용이 4조4517억원에 달하는 상황인 만큼 재무 개선을 위해 인상이 불가피한 상황이다.





산업부 관계자는 ""물가 수준과 한전 재무상황, 에너지 원료 수준 등을 종합적으로 고려해 3분기 전기요금을 결정할 것""이라고 말했다.





시내버스 요금은 서울 시내버스가 지난 3월28일 12년 만에 파업에 돌입하면서 인상에 무게가 실리고 있다.





도시가스·전기요금에 이어 교통비 인상도 예고되고 있다.





지난 파업으로 서울시가 버스회사들에 지급해야 할 보조금이 600여억원 늘면서 요금 인상으로 이어질 가능성이 높아졌다.





지하철 요금은 이미 서울시가 150원 인상을 예고한 상황이다. 서울시가 시내버스·지하철 요금을 올릴 경우 가격인상 기조가 전국적으로 확대될 가능성이 있다.





한편 통계청이 발표한 '3월 소비자물가 동향'에 따르면 지난달 소비자물가지수는 1년 전보다 3.1% 올라 지난 2월(3.1%***REMOVED***에 이어 2달 연속 3%대를 기록중이다.





이에 더해 하반기 공공요금 인상이 현실화할 경우 물가가 전망치인 2% 초반대를 상회해 3% 수준으로 고착화될 수 있다는 우려가 나온다.",파업
https://www.newsis.com/view/?id=NISX20240426_0002715182&cID=10401&pID=10400,가스·지하철 등 공공요금 도미노 인상 예고[끝모를 물가 충격②***REMOVED***,[***REMOVED***,2024-04-29 15:09:44+09:00,[서울=뉴시스***REMOVED*** 지난달 소비자물가 상승률이 3.1%를 기록하며 2개월 연속 3%대를 이어갔다. 특히 사과와 배 가격이 전년보다 88%가량 오르는 등 농축수산물 가격 강세가 지속되면서 물가 상승을 주도했다. (그래픽=안지혜 기자***REMOVED*** [email protected***REMOVED***,파업
http://weekly.chosun.com/news/articleView.html?idxno=34178,사모펀드에 포획된 버스 준공영제,[***REMOVED***,2024-04-26 15:00:00+09:00,"서울 시내버스가 12년 만에 총파업에 돌입한 지난 3월 28일 서울 소재 시내버스 차고지에 버스들이 주차돼 있다. photo 뉴시스

지난 3월 28일 서울 도심의 버스 전용차선이 텅 비었다. 서울 시내버스 노조가 12년 만에 총파업에 돌입했기 때문이다. 이날 약 95%의 버스가 오전 운행을 멈추면서 출근길 시민들이 불편을 겪었다. 총선을 앞둔 시기 총파업에 돌입한 노조는 시민들의 비난을 샀다. 노조가 투쟁으로 얻어낸 결과는 4.48%의 임금 인상(65만원의 명절수당***REMOVED***으로, 앞서 노사 협상과정에서 서울지방노동위원회가 제시한 중재안 6.1%보다도 낮은 수준이다. 언론에서는 임금 협상의 결과로 서울시가 600억원의 혈세를 투입하게 됐다는 지적이 쏟아졌다. 시내버스 준공영제에 따라 사실상 임금 인상분을 모두 서울시가 부담해야 하기 때문이다. 정작 파업의 승자는 따로 있다. 아무것도 잃지 않은 버스회사들과 그를 사들인 사모펀드다. 특히 준공영제 시내버스를 인수한 사모펀드들은 적극적인 수익 실현과 비용절감에 노력을 쏟은 탓에 버스 운송사업자의 처우를 악화시킨 파업의 원인으로 지목되기도 했다.

20년 맞은 준공영제의 허점

시내버스 준공영제는 공공성 강화를 목적으로 지방자치단체가 시내버스 노선과 운행 계통 등의 조정권한을 가지면서 운송사업자의 운송수입 부족분을 재정 지원하는 제도다. 비수익·적자 노선을 안정적으로 유지해 시민의 이동권을 보장하기 위한 목적이다. 서울시는 2004년 국내에서 처음으로 이 제도를 도입했다. 2014년에는 준공영제를 소개하면서 “대중교통 환승할인 등으로 시민 부담을 경감하는 한편, 운수종사자 처우를 개선해 버스 교통사고가 감소하는 등 성과가 많았다”고 자찬했다. 그러나 서울시는 코로나19 영향으로 시내버스 적자 규모가 증가함에 따라 2022년 시내버스 재정 지원에 8000억원이 넘는 예산을 투입해야 했다. 시기별로 살펴보면 재정지원금은 2020년 1705억원, 2021년 4561억원, 2022년에는 8114억원이다.

문제는 서울시의 재정지원금이 근로자의 처우 개선으로 연결되지 않았다는 점이다. 사측은 2021년 경영난을 이유로 시내버스 근로자들의 임금을 동결했다. 코로나19 여파로 운송수입이 감소했다는 이유다. 그러나 같은 시기 버스회사들은 대중교통 이용수요 감소에 따른 경영타격을 전혀 받지 않았다. 운송수입 감소에 따른 적자를 시에서 재정보조금으로 메워줬기 때문이다. 실제로 서울시 버스준공영제 전체 당기순이익 변화를 살펴보면 2020년 747억원, 2021년 772억원, 2022년 716억원으로 꾸준히 700억원대의 당기순이익을 기록했다. 미처분이익잉여금 역시 수천억원대를 유지했다. 2020년 4542억원, 2021년 4719억원, 2022년 4704억원이다. 2015년 2821억원과 비교하면 2000억원가량 증가했다.

상황이 이렇다 보니 시내버스 준공영제가 결국 버스회사 사주만 배불린다는 지적이 제기됐다. 운송적자가 버스 기사들 임금 인상의 발목을 잡지만, 정작 버스회사에는 적자를 메우기 위한 세금이 계속 투입됐기 때문이다. 사측이 2년 연속 임금 동결을 주장하면서 파업이 예고됐다가 막판에 극적 합의한 2022년에는 기사들의 처우 문제도 지적됐다. 서울 시내버스 기사들이 1인당 한 끼에 평균 단가 3168원(65개 조합사·102개 영업소***REMOVED***의 식사를 제공받고 있다는 ‘부실식단’ 문제가 수면 위로 떠오른 것. 2022년 기준 서울시교육청에서 책정한 초등학생 1인당 한 끼 단가 5256원보다도 현저히 낮은 금액이다. 이처럼 준공영제를 둘러싼 여러 문제가 제기되자 결국 서울시는 지난 4월 1일 준공영제 도입 20년을 맞아 제도 개선에 나선다고 밝혔다. 서울시 관계자는 “그간 준공영제에 대해 지적된 문제를 전반적으로 개선하기 위해 지난해 8월 연구용역에 착수했다”며 “오는 하반기 결과가 나올 것으로 예상한다”고 전했다.

‘9호선’ 트라우마 건드린 사모펀드의 진출

준공영제의 더 큰 문제는 위험을 안지 않고 요금수입과 무관하게 꾸준히 높은 수익을 거둘 수 있다는 이유로 사모펀드들이 2020년경부터 준공영제가 도입된 시내버스 사업에 진출했다는 점이다. 지자체의 예산이 버스업체를 거쳐 사모펀드로 흘러간다는 점도 문제지만, 더욱이 사모펀드는 단기간 고수익 고배당을 추구하는 특성상 높은 수준의 배당금을 투자자에게 지급하기 위해 운수종사자 처우개선과 시설개선 재투자 등에 소홀할 수 있다는 우려가 나온다. 고배당에 따라 운수회사의 재무건전성이 저하되거나, 향후 투자금 회수를 위한 운수회사 매각 시 안정적 회사운영을 저해할 가능성도 있다.

이에 대해 유재호 서울시내버스 노조 사무부처장은 “사모펀드는 돈 넣고 돈 먹기 하는 사람들이다. 보통(운수회사들***REMOVED***은 미처분이익잉여금도 남겨두고 재정 건전성을 유지하면서 안전, 미래를 보고 운영하는데 사모펀드는 모두 배당받아서 그냥 가져가버린다”며 “결국 운수회사는 껍데기만 남게 되는데, 서울시에서는 자본 잠식된 회사에 인건비나 운영비 등 표준운송원가(버스 1대를 운영하는 데 들어가는 총비용***REMOVED***를 지급해줘야 하는 거다. 시가 사모펀드를 더 엄격하게 점검하고 제한을 둬 운수회사의 재정을 건전화하는 방안을 만들어야 한다”고 말했다.

‘차파트너스자산운용’은 시내버스 준공영제 제도 개선과 함께 가장 먼저 언급되는 사모펀드다. 현재 서울 시내버스 7382대 가운데 1027대를 보유하고 있다. 인천과 대전까지 더하면 1700여대의 버스를 확보한 것으로 알려졌다. 2019년 6월 설립된 차파트너스자산운용은 같은 해 12월 ‘퍼블릭모빌리티 제1호’ PEF를 통해 한국비알티자동차를 인수했다. 이를 시작으로 동아운수, 도원교통, 신길교통, 선진운수, 선일교통 등 서울 시내버스 회사를 연달아 인수했다. 서울에 그치지 않고 대전, 인천, 제주 등 시내버스 준공영제를 도입한 타 지역의 버스회사들도 다수 인수했다.

차파트너스자산운용은 “난립해 있는 중소 버스업체들을 인수, 규모의 경제를 통해 경영효율화를 이뤄낼 수 있다”며 이를 통해 시민에게 혜택이 가도록 하겠다고 홍보했다. 시내버스를 인수한 이후 임원과 관리직 인건비를 15% 상당 절감하며 일부 운영효율화도 달성한 것으로 전해진다. 그러나 차파트너스자산운용이 버스업체 다수를 인수하자 서울시의회를 비롯한 정치권에서는 공공성 저하를 우려하는 목소리가 커졌다. 일찍이 ‘9호선 논란’을 겪은 바 있어서다. ‘9호선 논란’은 2012년 서울시 지하철 9호선의 기습적인 요금 인상 발표로 9호선 대주주 현대로템, 맥쿼리한국인프라펀드(맥쿼리자산운용이 운용한 상장 공모 펀드***REMOVED*** 등이 서울시와 소송전을 벌이다 이듬해 10월 철수한 사건이다. 당시 서울시는 9호선 사업재구조화를 추진하면서 철수하지 않으려던 2대 주주 맥쿼리인프라펀드와 극심한 갈등을 빚은 바 있다. 더욱이 차종현 대표를 비롯한 차파트너스자산운용의 핵심 구성원들은 맥쿼리자산운용의 인프라투자팀 출신이다.

사모펀드의 준공영제 시내버스 활용법

실제로 시내버스를 인수한 사모펀드들은 투자자의 수익을 보장하기 위해 높은 배당성향을 유지했고, 이를 위해 차고지를 매각하거나 당기순손실에도 배당하는 사례가 있었다. 2021년 MC파트너스에 인수된 수원지역 최대 버스업체 수원여객은 같은 해 12월 차고지를 매각해 367억원을 마련했는데, 이 가운데 240억원은 버스회사 인수대금 대출상환에 쓰인 것으로 알려졌다. 2021년 차파트너스에 인수된 도원교통은 2022년 유상증자를 통해 297억원을 마련하고 선일교통을 인수했다. 이 과정에서 도원교통은 배당률 10%의 고배당 우선주를 발행했는데, 때문에 도원교통의 배당액이 늘었다. 2022년 도원교통은 우선주 배당금으로 8억4179만원을 썼다.

차파트너스가 2021년 인수한 신길교통은 인수 다음해인 2022년 12억7500만원을 배당했다. 그러나 이 과정에서 자본잉여금 대부분이 이익잉여금으로 전환됐다. 2022년 신길교통의 감사보고서를 살펴보면 275억원이던 자본잉여금 가운데 229억원이 이익잉여금으로 전입된다. 이익잉여금을 처분해 배당을 지급하는 만큼, 회계적인 조치를 통해 배당의 원천이 되는 재원을 늘린 것이다. 자본잉여금은 원칙적으로 배당이 불가능하지만, 상법상 자본준비금과 이익준비금의 총액이 자본금의 1.5배를 초과하는 경우 주총 결의에 따라 그 초과한 금액 범위에서 이익잉여금으로 전입시킬 수 있다.

2019년 2월 차파트너스에 인수된 인천 명진교통은 같은 해 4월과 12월 두 차례 차파트너스를 상대로 무보증 무기명 사모사채를 발행했다. 5년 만기(2024년 12월 27일***REMOVED***에 각각 이자율은 7.5%, 20%다. 이에 따라 명진교통은 차파트너스에 매년 3억원에서 5억원 사이의 이자를 내게 됐다. 2022년에는 이자비용으로 차파트너스퍼블릭모빌리티 제1호에 4억9551만원을 지급했다. 이 밖에 동아운수와 대전 동인여객, 대전승합은 당기순손실을 기록했던 때에도 배당을 진행하기도 했다.

이에 대해 차파트너스 관계자는 “이익잉여금 전입이나 당기순손실 시 배당은 대부분 투자 초기 일회성으로 진행됐다. 인수과정에서 기존 개인사주들의 요구를 받아들이며 이뤄진 것”이라며 “대부분 당기순이익 내에서 배당을 하려 한다”고 말했다. 이어 “막연히 사모펀드가 배당을 하니 돈을 덜 쓰는 것 아니냐는 비판이 있만 인수한 회사들은 오히려 개인사주가 소유할 때보다 시설이나 근무 환경이 개선됐다. 기관투자자이기 때문에 정비시설이나 안전장치 등도 더 높은 기준으로 관리한다”고 전했다. 차파트너스는 올해 말부터 2026년까지 순차적으로 만기가 도래하는 펀드들의 만기 연장을 추진 중이라고 밝혔다. 앞서 지자체에서는 펀드 만기가 다가오면서 엑시트(투자금 회수***REMOVED***를 위한 비용 절감, 차고지 등 핵심자산 매각 등이 이뤄질 수 있다는 우려가 제기된 바 있다.

김상철 공공교통네트워크 정책위원장은 사모펀드의 시내버스 사업 진출에 대해 “현행 준공영제는 사업자 관점에서는 이용자가 많든 적든 이윤이 보장되고, 서울시 입장에서는 직접적인 책임 없이 보조금만 주면 버스 시스템이 유지되는 제도다. 사모펀드는 시 보조금으로 고정적인 이익을 얻을 수 있어 사업 조건에 부합한다”고 했다. 이어 “다만 노동자들 입장에서는 임금은 사업주가 내야 하는데, 사업주는 그걸로 배당을 하고 임금은 서울시가 보조금으로 주는 구조가 된 것이 답답할 수 있다”며 “외국의 경우 정기권 발행 등으로 공공재정을 사업체가 아닌 이용자를 지원하는 데 사용한다. 이용자 보조로 재정이 나가면 지방정부나 사업자는 이용자를 늘리기 위한 정책을 펼치게 된다”고 설명했다.",파업
http://www.kyeongin.com/main/view.php?key=20240426010003078,"김교흥 '제2 경의선숲길', 이용우 '서울 통근 교통혁명', 모경종 '5호선 연장 市원안 관철'",[***REMOVED***,2024-04-25 00:00:00,"[공약으로 보는 22대 국회·(4·끝***REMOVED******REMOVED*** 인천 서구갑·을·병





김 ""가좌·석남·가정중앙시장역

특화거리 조성 골목상권 살릴것""



이 ""GTX-D Y자·E노선 추진

청라IC 병목현상 해소 등 실현""



모 ""누락된 원당·불로역 노선안

국토부 대광위 조정안 반영 최선""





사진 왼쪽부터 김교흥, 이용우, 모경종 당선인.

인천 서구갑·을·병 더불어민주당 소속 국회의원 당선인들에게 우선 추진 공약이 무엇인지 물었다.김교흥 서구갑 당선인은 '인천대로 상부 및 주변 공원 조성', 이용우 서구을 당선인은 '전반적 교통인프라 확충 및 개선', 모경종 서구병 당선인은 '서울지하철 5호선 검단·김포 연장선 인천시 원안 관철'을 최우선 과제로 꼽았다.김교흥 당선인은 고속도로 지하화사업이 추진되는 인천대로(옛 경인고속도로***REMOVED*** 상부를 서울 마포구 경의선숲길처럼 도심 산책로·휴식공간으로 만드는 구상을 갖고 있다.인천대로 '공단고가교~서인천IC' 구간 지하화는 김교흥 당선인이 지난 21대 국회 시절부터 공들인 사업 중 하나다. 4.51㎞ 구간 왕복 4차선 지하도로를 만들고 상부 공간에 녹지를 만들어 주민들에게 돌려주겠다는 계획이다.인천대로 상부에 '서구이음숲길'(가칭***REMOVED*** 약 19만5천㎡를 조성하고 인천대로에서 석남동과 가정동으로 이어지는 'ㅁ자 숲속 30리길'을 완성하겠다는 구상이다.김교흥 당선인은 ""가좌·석남·가정중앙시장역 일대를 첨단산업, 쇼핑상업, 문화예술 특화거리로 조성해 일자리를 창출하고 골목상권을 살리겠다""며 ""역세권 개발을 추진해 용산 아이파크몰처럼 공중을 이용한 커뮤니티형 복합쇼핑몰을 건립해 전국에서 찾아오는 랜드마크로 조성하겠다""고 했다.김교흥 당선인은 구도심 주차난 해결을 위해 '원도심 지하주차장 조성 특별법'을 발의하겠다는 의지를 내비쳤다. 그는 ""공원 부지, 공공 용지를 활용해 지하주차장을 획기적으로 늘릴 수 있도록 주차장법 등 관련법 재개정을 준비하고 있다""고 설명했다.이용우 당선인은 임기 내 서구지역 교통 인프라를 개선해 서울로 오가는 시민 출퇴근 및 통학 시간을 획기적으로 앞당기겠다는 구상을 내놨다.이용우 당선인은 ""인천과 서울을 매일 오가는 서구 시민은 부평에 이어 두 번째로 많아 교통문제 해결이 서구 발전을 위한 필수 조건""이라고 했다.그는 서구지역 교통 인프라 확충을 위한 방안으로 수도권광역급행철도(GTX***REMOVED***-D Y자 노선과 GTX-E 노선 신속 추진, 청라IC 병목현상 해소, 서울지하철 9호선과 공항철도 직결 노선 추진, 공항철도 배차간격 단축, 서울지하철 2호선 연장 및 7호선 적기 개통을 실현하겠다고 했다.이용우 당선인은 22대 국회 첫 행보로 '노란봉투법 재추진'을 약속했다. 노란봉투법은 단체교섭 대상을 원청으로 확대하고, 노동조합 파업에 대한 고용주의 손해배상 청구를 제한하는 내용을 담고 있다. 이용우 당선인은 ""윤석열 대통령 거부권 행사로 실현되지 못한 노란봉투법을 22대 국회에서 재발의해 통과시키겠다""고 했다.모경종 당선인은 다른 서구지역 당선인들과 마찬가지로 광역교통망 확충을 우선 추진 사항으로 짚으면서 서울 5호선 검단·김포 연장선을 인천시가 주장하는 노선안으로 관철시키겠다고 강조했다.국토교통부 대도시권광역교통위원회는 지난 1월 서울 5호선 검단·김포 연장사업 조정안을 발표하며 전체 10개 정거장 가운데 7개를 경기 김포시에, 나머지 3개는 인천(2개***REMOVED***과 서울(1개***REMOVED***에 설치하는 방안을 제시했다.이에 인천시와 서구 주민들은 조정안에서 빠진 원당역과 불로역을 노선안에 반영해야 한다는 입장을 고수하고 있다.모경종 당선인은 ""5월 국토부 대광위 조정안에 인천시 원안이 반영될 수 있도록 최선을 다하겠다""며 ""최근 국토부 관계자를 만났고, 김포시갑의 김주영 의원과 논의도 진행했다. 조속한 시일 내 대광위 면담도 진행할 예정""이라고 했다.모경종 당선인은 첫 발의 법안으로 지역 발전을 위한 건축규제 완화 및 교통대책 수립을 포함한 도심균형발전특별법, 과밀학급 해소를 위한 과밀학급방지법 등을 검토 중이라고 밝혔다. 그는 ""어떤 법안이 되든 검단과 국민을 위한 법안을 1호로 발의하겠다""고 말했다./조경욱기자 imjay@kyeongin.com

<저작권자 ⓒ 경인일보 (www.kyeongin.com***REMOVED***, 무단전재 및 수집, 재배포 금지>",파업
https://www.mediapen.com/news/view/912145,1호선 의왕~당정역 구간서 사망사고…상행선 운행 차질,[***REMOVED***,2024-04-15 00:00:00,"전동열차 선로 통행 불가…화서·당정역 무정차 통과

[미디어펜=김준희 기자***REMOVED***수도권 전철 1호선 의왕역~당정역 사이에서 사망 사고가 발생해 열차 운행에 차질이 빚어졌다.





▲ 지난해 11월 서울 지하철 파업이 시작된 가운데 시민들이 출근을 하고 있다(사진은 기사 내용과 직접적 관련 없음***REMOVED***./사진=미디어펜 김상문 기자







15일 철도당국에 따르면 이날 오전 7시 57분 수도권 전철 1호선 의왕역~당정역 사이에서 발생한 사망 사고로 상행선 전동열차 운행이 일시 중단됐다.





해당 구간에는 전동열차 선로 및 일반열차 선로 등 총 2개 선로가 있다. 사고가 난 전동열차 선로는 사고 수습으로 통행이 불가한 상태다.





철도당국은 “전동열차와 일반열차 모두 일반열차 선로를 이용하고 있어 열차 운행이 일부 지연되고 있다”고 설명했다.





전동열차 선로만 있는 화서역과 당정역에서는 무정차 통과가 이뤄지고 있다. 사고 수습까지는 많은 시간이 소요될 것으로 예상된다.

[미디어펜=김준희 기자***REMOVED*** ▶다른기사보기",파업
https://www.newsquest.co.kr/news/articleView.html?idxno=221587,'총선이 끝나고 난 뒤~' 에너지요금 '꿈틀'...대중교통·의료대란은?,[***REMOVED***,2024-04-14 00:43:20+09:00,"총선 뒤 공공요금은 물론 장바구니 물가도 심상찮은 움직임을 나타내고 있다. [사진=연합뉴스***REMOVED***

【뉴스퀘스트=민기홍 기자 】 총선이 많은 드라마와 뒷얘기를 남기고 막을 내렸다. 늘 그래왔듯 피 말리는 싸움에서 살아남아 금배지를 기다리는 사람들이 있는가 하면, 후유증으로 심한 내홍을 겪고 있는 곳도 있다. 선거 이틀이 지났지만 그들의 표정관리와 좌충우돌을 지켜보는 재미도 선거에 못지않다.

여야를 가리지 않고 경쟁적으로 쏟아냈던 공약 ‘뒷설거지’를 어떻게 하느냐도 유심히 지켜볼 일이다. 의대 증원으로 촉발된 의료계와 정부의 갈등도 “총선이 끝나면 어떻게든 해결책이 나올 것”이라는 관측이 이미 정치권 일각에서 나온 터라 정부가 어떤 해법을 내놓을 것인가도 관심사다.

더 큰 관심은 서민들에게 직접적인 영향을 미치는 공공요금 인상 여부다. 그동안 ‘물가안정’이란 명목으로 (선거를 의식한 측면이 더 큰 것으로 보이지만***REMOVED*** 공공요금 인상을 억제해 왔던 정부와 에너지 관련 공기업이 요금 인상 검토에 들어간 것으로 알려지면서 ‘공공요금 줄인상’이 현실화하는 것 아닌가 하는 우려가 나오고 있다. 장바구니 물가도 여전히 심상찮은 움직임을 보이고 있다.

촌선이 끝난 뒤 공공요금이 꿈틀대고 있다. 서울 시내 한 건물에 설치된 전력량계. [사진=연합뉴스***REMOVED***

공공요금은 한전과 가스공사가 먼저 움직이고 있다. 전기요금은 지난해 3분기부터 올해 2분기까지 4개 분기 연속 묶여있는 상태다. 가스요금은 지난해 5월 인상한 이후 현재까지 동결됐다. 정부의 물가안정 정책에 막혀 ‘경영 정상화를 위해 요금 올리겠다‘는 말도 꺼내지 못했던 이들 공기업이 하반기부터 전기, 가스요금 추가 인상을 검토할 예정인 것으로 알려졌다.

현재 한전의 누적적자는 43조원, 부채는 202조원에 달한다. 가스공사도 지난해 기준 총부채가 47조4000억원이다. 여기에 미수금도 15조원을 넘었다. 지역난방공사도 4000억원이 넘는 미수금이 있다. 이들 에너지 공기업의 경영 정상화를 위해서는 요금 인상이 불가피하다는 것이 대체적인 시각이다.

특히 표심 거슬릴 일 없고, 본격적인 더위를 앞둔 요즘(봄철***REMOVED*** 전기 사용량 적고, 지역난방과 도시가스 사용량도 줄어드는 만큼 요금을 인상해도 고지서에 찍히는 총액이 그리 크게 느껴지지 않을 것이란 계산이 깔린 듯하다. 요금 인상에 적절한 시기라는 것이다.

한전과 가스공사의 재무구조 정상화를 위해서라도 올해 하반기에는 전기요금과 가스요금이 인상될 것으로 보는 시각이 많다.

이달 말에는 유류세 인하 조치도 종료된다. 하지만 국제유가 급등에 따른 유가 불안 지속으로 2개월 추가 연장이 유력하게 검토되고 있다. 정부는 지난 2021년 11월부터 유류세 인하 조치를 시행한 이후 지난 2월까지 총 8차례에 걸쳐 인하 종료 시한을 연장하고 있다.

시내버스와 지하철 등 대중교통 요금도 인상 요인이 차고 넘친다. 총파업 또는 문턱까지 갔다가 가까스로 임금 인상에 합의한 서울시는 우선 지하철 요금을 하반기에 인상할 예정이다. 지하철은 작년 10월 기본 요금을 150원(1250원→1400원***REMOVED*** 인상했고, 추가로 올 하반기에 150원 인상한다는 방침이다. 시내버스는 작년 8월 기본 요금을 300원(1200원→1500원***REMOVED*** 인상했지만, 추가로 요금 인상 시기를 놓고 고심을 거듭할 것으로 보인다.

[사진=연합뉴스***REMOVED***

의대 증원을 놓고 의료계와 정부가 벌이고 있는 극한 대립도 어떤 식으로든 변화가 예상된다. 여당의 총선 패배로 정부의 추진 동력이 떨어진 것이 분명한 만큼 여당 내부에서도 지금 상황을 해결하기 위해서는 정부가 먼저 움직여야 한다는 목소리가 높아지고 있다. 강경 일변도로 나가던 정부도 총선 뒤 주춤하는 모습을 보이고 있다.

의료계에서도 여당 패배를 내세워 ’의대 증원 원점 재논의‘ 목소리를 키우고 있다. 갈등 양상을 보이는 의협도 내부 교통정리를 서두르는 등 의견을 하나로 모으려는 노력을 기울이고 있다. 의료 대란이 지속되면 의료계와 정부 모두 패자가 된다는 인식이 확대되고 있다. 무엇보다 현장에 남아있는 의료진의 피로도와 환자들의 어려움이 극에 달한 상태다. 머잖아 출구전략이 마련될 것이란 기대감이 커지는 이유다.",파업
https://biz.chosun.com/topics/topics_social/2024/04/13/DZT6DUDAYRGUJMQB7YZ7HKNF74/?utm_source=naver&utm_medium=original&utm_campaign=biz,‘파업하면 올스톱’ 법 구멍에 서울 버스기사 월급 500만원 넘었다,[***REMOVED***,2024-04-13 00:00:00,"손덕호 기자
입력 2024.04.13. 06:00
서울 시내버스 노조가 총파업을 벌인 지난달 28일 오전 서울 종로의 한 정류장이 승객 없이 한산하다. /연합뉴스
서울 시내버스 노조가 최근 11시간 동안 파업을 벌여 17년 만에 가장 높은 임금 인상률을 얻어낸 것으로 나타났다. 운전기사 1인당 평균 월급도 500만원을 돌파했다. 지하철과 달리 시내버스는 노조가 파업을 벌이면 도로에 아예 버스가 다니지 않게 되는 법의 맹점이 문제로 지적된다. 서울시는 정부에 법 개정을 요청하기로 했다.
13일 서울시의회 교통위원회 소속 김종길 국민의힘 의원이 서울시로부터 제출받은 자료에 따르면 서울 시내버스 운전기사는 이번 임금 인상으로 1인당 523만원(평균 근속연수 8.43년 기준***REMOVED***의 월급을 받게 됐다. 지난해(496만원***REMOVED***보다 5.4% 오른 금액이다.
앞서 서울시버스노동조합은 사측인 서울시버스운송사업조합과 임금 인상 협상이 결렬되자 지난달 28일 오전 4시부터 총파업을 벌였다. 노사는 파업이 시작된 이후에도 교섭을 이어가 11시간 만에 임금 4.48% 인상과 명절수당 65만원 지급에 합의했고, 노조는 파업을 철회했다. 명목 임금 인상률은 4.48%지만 각종 수당을 더하면 실제 임금은 5.4% 올랐다는 게 김 의원 측 설명이다.
서울 시내버스 운전기사 월급은 준공영제 도입 후 임금은 매년 1~5%씩 꾸준히 올라 20년 만에 월급이 두 배 수준으로 인상됐다. 준공영제가 도입된 2004년에는 257만원이었다. 2008년(305만원***REMOVED***에는 300만원을 넘었고, 2017년에는 400만원을 돌파했다. 임금 인상률은 2007년 5.9%로 가장 높았고, 올해 두 번째로 높은 5.4% 인상률을 기록하며 400만원선 돌파 7년 만에 500만원선도 넘게 됐다.
서울 시내버스 준공영제 20년 간 운전기사 월 평균 임금은 103.3% 올랐다. 연 평균 인상률은 3.6%다. 이명박 시장 재임 기간(2004~2005년***REMOVED***에 4.8% 올랐고, 오세훈 1기(2006~2011년***REMOVED***와 2기(2021~2024년***REMOVED*** 모두 연 평균 인상률 3.8%를 기록했다. 박원순 시장 재임 기간(2012~2020년***REMOVED*** 연 평균 인상률은 3.3%다.
서울 버스기사의 임금은 전국 주요 광역시보다 높은 편이다. 서울시에 따르면 지난해 기준 서울 시내버스 운전기사 평균 월급은 인천보다 4.8%, 부산보다 7.1%, 울산보다 7.4%, 광주보다 7.8% 대구보다 10%, 대전보다 14.9% 높다.
그래픽=정서희
그럼에도 버스 운전기사들이 서울시에 높은 임금 인상을 요구할 수 있는 것은 시민들의 출퇴근길을 볼모로 잡을 수 있어서다. 철도, 도시철도, 항공운수, 병원 등 11개 사업은 ‘노동조합 및 노동관계조정법(노동조합법***REMOVED***’에 필수공익사업으로 지정되어 있다. 지하철은 이 법에 따라 노조가 파업을 벌이더라도 최소한의 운행을 해야 하지만 버스는 빠져 있다.
이 때문에 서울 시내버스 노조가 파업을 벌인 지난달 28일 11시간 동안 95%가 넘는 버스가 멈춰 섰다. 서울시가 버스 업체 적자를 보전해주는 대신 시내버스 공공성을 유지하는 게 준공영제인데, 제도 취지와 맞지 않는다는 지적이 나온다.
다른 지역에서도 버스가 파업을 벌여 시민들의 이동권이 침해받는 상황이 발생하고 있다. 민주노총 공공운수노조 민주버스본부 전북지부 소속 전주시내버스 운전기사들은 지난달 21일, 25일, 27일 세 차례에 걸쳐 부분 파업을 벌였다. 울산 시내버스 노조도 임금 협상이 결렬되자 지난달 28일 총파업을 벌여 시민들의 발이 묶일 뻔했으나 교섭을 이어가 ‘올스톱’은 면했다.
서울시는 지하철처럼 버스도 노조 파업 시 최소한의 운행이 보장되도록 노조법 개정이 필요하다는 입장이다. 서울시 관계자는 “자신들의 요구사항을 관철하기 위해 시민의 이동권을 볼모로 하는 잘못된 행태를 바로잡기 위해 시의회와 함께 22대 국회가 개원하는 대로 시내버스를 필수공익사업으로 지정하는 노조법 개정을 건의할 예정”이라고 밝혔다.
김종길 의원은 시내버스 노조가 파업을 벌이더라도 최소한의 버스는 운행하도록 노조법 개정을 촉구하는 개정안을 시의회에 발의했다. 김 의원은 “시내버스는 1997년 노조법 제정 당시 필수공익사업으로 지정됐었지만 국회 무관심 속에 2000년 일몰(日沒***REMOVED***되어 지정 해제됐다”며 “다시 노조의 일방적 파업으로 시민의 발이 묶이는 일이 없도록 국회는 법 개정에 신속히 나서야 한다”고 했다.
손덕호 기자
오늘의 핫뉴스
[르포***REMOVED*** 9개월 만에 인기 끝났다… 줄폐업하는 'MZ 디저트'
10시간 걸리는 배터리 진단 1초만에… GS가 찜한 日회사
8년간 KBO 최장 스폰서… 신한은행, 야구에 진심인 이유
""쥐첩 나가"" KT팬들, LG맨 김영섭 구단주에 분노… 왜?
애플이 장학금·장비 무료 지원… 앱 개발자 몰리는 이곳
사회 많이 본 뉴스
의대 증원 갈수록 태산…막판 변수로 떠오른 대학 학칙
정부의 의대 정원 확대에 막판 변수로 학칙이 떠올랐다. 대학은 학과...
‘1평에서 사는 동물’…도심 속 실내동물원 운영 딜레마
해마다 민간이 운영하는 동물원이 새로 생기고 휴원·폐원하는 추세가 ...
“빈병 39만원에 팔아요”…양주 인기 업고 성행하는 꼼수 ‘위스키 리셀’
“글렌드로낙 21년 공병·빈 병 39만원에 팝니다. 자세한 내용은 ...
당신이 관심 있을 만한 콘텐츠
“HBM 12단 만들라” 젠슨 황 특명에 삼성전자·SK하이닉스, 속도전 돌입… 승부처는 - 조선비즈
끔찍한 비밀이었지만 수십 년 후 사진 한 장에서 그 비밀이 밝혀졌습니다.
총선 후 첫 고위 당정대… “심기일전해 민생에 박차” - 조선비즈
아침마다 따뜻한 물 마시면 몸에 일어나는 놀라운 변화!
“라파 공격하면 美 무기지원 중단”… 바이든, 석달 전 첫 경고했다 - 조선비즈
뱀과 함께 잤던 여자, 들은 충격 사실에 모두 놀라!
Recommended by
지금 뜨는 콘텐츠
뭘 해도 안되던 ""이마주름"" 습관 고치니 개선 완료
PR（주름delete）
그들은 세상에서 가장 아름다운 쌍둥이였습니다. 하지만 지금 그들의 모습을 보세요.
PR（팁과 요령）
베이킹 소다 기적: 한 번의 사용으로 회색 머리 안녕!
PR（팁과 요령）
Recommended by
100자평
도움말삭제기준",파업
http://tbs.seoul.kr/news/newsView.do?typ_800=7&idx_800=3519652&seq_800=20512432,서울 시내버스 파업에 출퇴근대란 없도록…'필수공익사업' 지정될까,['최가영 기자'***REMOVED***,2024-04-12 10:26:00,"[서울의 한 차고지에 주차된 시내버스<사진=연합뉴스>***REMOVED***

【 앵커멘트 】

지난 달 서울 시내버스 파업으로 거의 모든 버스가 멈춰서면서 출근길 시민들이 불편을 겪었는데요.

서울 시내버스도, 지하철처럼 파업 시에도 필수 인력을 유지해 일정 운행률을 보장해야 한다는 지적이 나오고 있습니다.

최가영 기자입니다.

【 기자 】

지난 달 28일, 서울 시내버스 노조의 파업으로 전체 시내버스의 98％, 7,200여 대가 멈춰섰습니다.

거의 0％ 운행률을 보였던 시내버스 파업,

서울 지하철 노조가 파업 시에도 70~80％의 운행률을 유지하는 것과는 대조적인 모습입니다.

차이는 '필수공익사업' 지정 여부에 있었습니다.

현재 서울 지하철은 필수공익사업으로 지정돼 노조가 파업을 하더라도 필수 인력을 유지해 최소한의 운행률을 준수할 의무가 있지만 시내버스에는 이런 의무가 없어 전면 파업이 가능합니다.

서울시의회 교통위원회 소속 김종길 의원은 시내버스도 필수공익사업으로 지정해야 한다며 최근 법안 개정 촉구 결의안을 대표 발의했습니다.

【 ☎인터뷰 】김종길 / 서울시의원 (국민의힘***REMOVED***

""자기 이익을 대변하는 그 목소리도 존중은 하지만 그로 인해서 피해를 보는 우리 서울 시민들의 최소한의 대비책은 마련해야 된다. 그런 취지로 발의를 했습니다.""

하지만 시내버스 운영의 구조적인 문제부터 해결해야 한다는 목소리도 나옵니다.

【 ☎인터뷰 】김상철 / 공공교통네트워크 정책센터장

""구조적인 문제를 그대로 두고 파업을 못 하게 막는 것에 집중을 하게 되면 실제 버스 사업 내에서 이윤이 분배되는 잘못된 구조나 혹은 준공영제에서 보조금이 적절하게 집행되지 못하는 문제가 해결될 것이냐, 그렇지 않다.""

서울시와 서울시의회는 22대 국회가 개원하는 대로 법안 개정을 요청하는 등 시내버스 운영 개혁에 나설 계획입니다.

TBS 최가영입니다.



",파업
https://www.khan.co.kr/national/national-general/article/202404231642001,장애인 시위 ‘지하철 탑승→승강장 눕기’로 바꿨지만···경찰 대응은 그대로,[***REMOVED***,2024-04-23 16:42:00+09:00,"전국장애인차별철폐연대(전장연***REMOVED***가 오는 5월 개원하는 22대 국회에 장애인 권리 관련 입법을 촉구하며 향후 1년간 지하철 탑승 시위를 멈추기로 했다. 하지만 서울교통공사와 경찰은 ‘강제 퇴거’ ‘체포 후 구속영장 신청’ 등 강경 대응을 이어가고 있다.

전장연은 최근까지 해오던 출근길 지하철 탑승 시위를 내년 4월 20일 장애인의날(장애인 차별철폐의 날***REMOVED***까지 1년간 멈추기로 했다. 지난 4·10 총선에서 선출된 22대 국회가 향후 1년 내에 교통약자법을 전면 개정하고, 권리 중심 중증장애인 공공일자리 지원 특별법·장애인권리보장법·장애인탈시설지원법·장애인평생교육법을 제정할 것을 요구하면서다. 해당 법안들은 21대 국회에서도 발의됐으나 통과되지 못했다.

전장연은 지하철 탑승 대신 승강장에서 ‘다이-인(Die-in***REMOVED***’ 행동을 하기로 했다. ‘다이-인’은 사이렌 소리에 맞춰 공공장소·거리 등에 죽은 듯이 눕는 시위 방식이다. 전장연은 “비장애 중심 사회의 억압과 고통을 상징적으로 표현한 것”이라고 설명했다. 박경석 전장연 공동대표는 “출근길에 지하철 연착 투쟁을 했으나 시민들의 불편을 고려해 지하철에 타지는 않겠으니, 승강장에 누워서 외치는 것만은 허락해달라는 의미”라며 “1년 안에 장애인 권리 법안들이 통과된다면 시위를 더 할 이유가 없다”고 말했다. 경찰의 반복되는 구속영장 신청, 공사 측이 제기한 9억90만원에 달하는 손해배상청구소송 등을 감안한 변화로도 풀이된다.

하지만 경찰과 공사 측의 지하철 역사 내 시위 ‘원천 봉쇄’는 계속되고 있다. 전장연 활동가들은 23일 오전 8시 서울 종로구 지하철 혜화역에서 출근길 지하철 선전전을 진행하면서 ‘서울시 탈시설 지원 조례 폐지안 철회하라’라는 내용이 적힌 손팻말을 들고 승강장에 서서 아무 말도 하지 않는 시위를 했다. 그러나 서울교통공사는 “역 시설에서 허가되지 않은 불법 침묵시위 등 철도종사자의 지시를 따르지 않거나 방해하는 행위는 철도안전법에서 금지하고 있다”고 밝힌 뒤 활동가들을 강제퇴거 조치했다.

경찰의 구속영장 신청도 반복되고 있다. 경찰은 지난 19일 휠체어로 엘리베이터에 충격을 가해 고장 낸 혐의(특수재물손괴***REMOVED***로 이규식 서울장애인차별철폐연대 공동대표를 현행범 체포한 뒤 구속영장을 신청한 것을 포함해 올해에만 세 번 구속영장을 신청했다. 경찰은 “전장연 활동가의 주거가 명확하지 않고 도망할 염려가 있으며 증거를 인멸할 우려가 있다”는 점을 사유로 들었다. 법원에 의해 잇따라 영장이 기각되자 아예 ‘범죄의 중대성’과 ‘재범 위험성’도 꺼내들었다. 이 대표의 경우 오랜 활동 과정에서 보여온 범죄 경력들을 재범 위험 근거로 든 것이다.

경찰과 공사 측의 이 같은 원천 봉쇄는 기본권을 침해하는 무리한 방식이라는 비판이 나온다. 박한희 공익인권변호사모임 희망을만드는법 변호사는 “경찰이 영장을 신청하면 활동가들을 48시간 이상 유치장에 가둘 수 있고, 기각되더라도 압박을 받아서 더 조심하게 만든다”며 “경찰은 밑져야 본전이니 구속영장 신청을 반복하는 것”이라고 말했다.",연착
https://www.donga.com/news/Culture/article/all/20240423/124608856/1,경의중앙선을 위한 변명[소소칼럼***REMOVED***,[***REMOVED***,2024-04-23 12:00:00,"‘달구지’ ‘대중고통’ 악평 듣는 경의중앙선

악명 높지만 규정 지켜야 하는 한계도

시민들의 발 되어준 연탄 같은 노선

띄어쓰기 생략과 온갖 비표준어를 통해 작성자의 분노를 느낄 수 있다. 인터넷 커뮤니티 캡처

얼마 전 동생이 인터넷에 떠도는 사진 한 장을 보내왔다. ‘서울 지하철 감상평’.그녀가 내게 이 사진을 공유한 목적은 분명했다. 이번엔 또 얼마나 통렬하게 써놨을까. 거의 설렘 비슷한 감정으로 천천히 읽기 시작했다.‘1호선, 기가 막히긴 하지. 3호선은 주요 노선이지만 좀 낡은 느낌이 있어. 그래 5호선은 직장인 노선이라 그런지 확실히 깔끔해, 지하가 깊어 시끄러울 때는 있지만. 7호선은 내가 안 타봐서 잘 모르겠네….’그리고 마침내. 주인공은 마지막에 등장하기 마련이다.

● ‘대중고통’ 경의중앙선

유튜브 〈썰플리〉 지하철썰 편. 남자의 표정이 경의중앙선에 대한 모든 것을 말해주고 있다. 유튜브 캡처

〈경의중앙선에서 마주치다〉 부분 발췌. X(옛 트위터***REMOVED*** @ofmyoeuvre 캡처

＜경의중앙선에서 마주치다＞ 부분 발췌. X (옛 트위터***REMOVED*** @knowhater 캡처

그렇다. 내가 기다리던 지하철은―아니 수레나 구루마랬지― 경의중앙선이다. 결혼 전 매일 경의중앙선을 타고 출퇴근했다. 지금은 주로 버스를 타게 됐지만, 여전히 가장 자주 이용하는 노선이다.경의중앙선의 악명은, 동생이 보낸 짤 정도는 애교라고 해도 될 정도다. 극악의 배차간격과 시간표를 믿을 수 없는 지연. 잊을 만하면 한 번씩 온라인 커뮤니티에서 참신한 품평을 발견한다. ‘대중교통이 아니라 대중고통’, ‘당신이 있어야 할 곳은 철도박물관’, ‘로또 되면 경의선 운영권 사서 폭파시킬거다’, ‘경의선 간격은 영화관 상영 간격보다 더함’….헐레벌떡 뛰었지만 눈앞에서 열차(차마 ‘지하철’이라고 써지지 않는다***REMOVED***를 놓치고 친구에게 ‘15분 정도 늦을 것 같아ㅠㅠ’ 사죄 메시지를 보내본 사람들만이 가능한 이 신랄함. 이것도 시간표대로 올 때 얘기, 연착되면 20분 되기 십상이지. 덥고 추운 날 지상역에서 기다리자면, 더 서럽다.백미는 심너울 작가의 SF 단편집 〈땡쓰 갓, 잇츠 프라이데이〉에 수록된 〈경의중앙선에서 마주치다〉였다. (역시 경의선 서강대역에 살던 친구가 공유해줘 읽게 됐다***REMOVED***반가웠다가 재밌다가 섬뜩했다가, 단숨에 읽어내린 건 나뿐만이 아니었나 보다. 소설은 SNS에서 경기도에서 서울로 통학·통근하는 ‘경의선러’들에게 널리 회자됐다. 일상의 공포가 생생하게 담긴 블랙 코미디, 아니 호러물.

● 내 인생을 망치러 온 나의 구원자

페이스북 ‘경의-중앙선 통학러들의 한숨소리’ 페이지 캡처

서울 마포구 연남동 경의선 숲길 공원

연탄재 함부로 발로 차지 마라

너는

누구에게 한번이라도 뜨거운 사람이었느냐.



-안도현 〈너에게 묻는다〉 (1994***REMOVED***

그런데 이 마음을 뭐라고 해야 할까. 경의선에 대한 갖가지 풍자에 킬킬대면서도 실은 순도 100% 조롱의 마음이 들진 않았다. 마음 한구석이 켕겼다. 잘 나가고 능력 있는 친구는 아니지만 내겐 없으면 안 되는 고마운 친구를 비웃는 것 같았다.경의선을 들여다보자면 어쩐지 시작부터 기구하다. 일제가 한반도 지배를 위해 1904년 만든 철로. 경성(경***REMOVED***과 신의주(의***REMOVED***를 이었지만 남북 분단으로 달리지 못하는 반쪽 철길.중앙선이 연결된 지금의 ‘경의중앙선’은 경기도 파주·고양부터 구리·남양주·양평까지 서울 북쪽과 경기지역 5개 시군을 동서로 가로지른다. 그 가운데로 홍대입구, 서울역, 공덕, 용산, 왕십리, 청량리 등 서울 한복판 노른자위를 지난다. 하루평균 승하차량 46만8227명, 전국 도시철도 승하차량 12위. 계란 흰자에 사는 이 많은 사람들에겐 생명줄이다.고양시에 사는 나 역시 경의선에 짜증을 내다가도 홍대나 서울역을 20분 만에 도착할 때면 새삼 감사하다. ‘운수 좋은 날’엔 20분 타겠다고 20분 기다릴 수도 있는 게 문제지만, 꽉 막혀 오도 가도 못하는 강변북로를 생각하면 선녀다.배차간격과 고질적인 지연은 경의선 운행의 문제라기보다는 날 때부터의 한계다. 경의선은 KTX, ITX 등과 여러 ‘형님’들과 선로를 공유한다. 코레일 규정에 따라 일반 열차는 등급이 높은 고속·특급·급행열차에 선로 우선권을 양보해야 하는데 경의선은 일반열차라 KTX나 ITX를 먼저 보내줘야 한다.특히 왕십리~청량리~상봉~망우 구간은 KTX와 ITX뿐 아니라 무궁화호와 누리호, 화물열차, 수인분당선, 경춘선까지 동시에 다니며 지연이 더 극심하단다. 승객들까지 몰리다 보니 한 역에서 1, 2분 지연이 쌓이고 쌓여 끄트머리에선 십수 분이 되는 것이다.해답은 선로를 늘리는 것이지만 서울 중심가를 관통하는 위치상 쉽지는 않다. 역 지하화도 마찬가지다. 그나마 가능한 구역에 선로 구조를 변경하거나 확장하고 열차 시간표를 조정하면서 애쓰고 있다고.경의중앙선에 대한 희화와 비난이 범람하는 가운데 이런 내 마음을 고백해도 될까. 순진하게 속 터지는 소리라고 욕먹는 건 아닐까, 조금 소심해졌다.고민하는 내게 가좌역 인근에 사는 친구가 슬그머니 이야기한다.“그래도 은근히 황금 노선이야. 경의선 숲길 같은 데도 다 연결돼있고.”맞아, 옥수나 한남같이 교통 까다로운 곳도 약속 장소로 흔쾌히 고개를 끄덕일 수 있다. 경의선 라인에 사는 한 회사 선배도 목소리를 보탠다.“나도 경의선 좋아해! 주말 아침 9시에 타봤어? 자전거 끌고 양평 가는 사람들도 많아.”다소 용기를 얻어 유튜브를 검색해봤다. “문산에서 군 생활했는데 그쪽 복무하는 군인들에겐 정말 고마운 역” “파주 9사단 근무했는데 경의중앙선 휴가 때마다 감사히 이용했습니다.”안다. 이러다가도 5분이 급한 어느 아침이면 변명이고 나발이고 욕을 읊조리고 있을 것이다. 그런데 왜 이렇게까지 경의선을 감싸냐고? 나도 명쾌하게 설명하진 못하겠다. 말을 고르다 툭 국민 시 한 편이 떠올랐다.

[소소칼럼***REMOVED***은 우리 주변에서 일어나는 일들이나 소소한 취향을 이야기하는 가벼운 글입니다. 소박하고 다정한 감정이 우리에게서 소실되지 않도록, 마음이 끌리는 작은 일을 기억하면서 4명의 기자가 돌아가며 씁니다.

김예윤 기자 yeah@donga.com",연착
https://www.newsis.com/view/?id=NISX20240319_0002666688&cID=10201&pID=10200,"또 멈춘 수도권지하철…""운행차량 칸 절반이상 20년 넘어""",[***REMOVED***,2024-03-20 11:29:41+09:00,"[과천=뉴시스***REMOVED*** 김금보 기자 = 최근 서울 지하철 1호선·3호선 등에서의 열차 고장으로 시민들이 불편을 겪는 일이 잦아지고 있다. 특히 서울 지하철 전동칸 중 법적 최대 내구 연한인 25년을 넘은 차량이 3분의 1에 달하지만 교체율은 미진한 상황이라, ""대형 참사로 이어지는 것 아니냐""는 우려까지 나오고 있다. 사진은 지난해 11월6일 오전 경기 과천시 선바위역 승강장에서 4호선 상행 열차 고장으로 인한 지연운행으로 불편을 겪고 있는 모습. 2023.11.06. [email protected***REMOVED***",연착
https://www.dailian.co.kr/news/view/1337742/?sc=Naver,서울지하철 정시도착률 살펴보니…5·6·7호선 '100점' [데일리안이 간다 36***REMOVED***,[***REMOVED***,2024-03-12 05:07:00+09:00,"1·3·4호선 출근시간 지나도 제 시간에 오는 열차 거의 없어…열차시간표 무용지물 5·6·7호선, 거의 제 시간에 도착…운행구간 길고 코레일과 관리구간 섞여 있으면 연착 많아 서울교통공사 ""특히 노선 가장 긴 1호선, 중간에 기관사 교대하고 노선 공유 등 변수 많아 연착""

11일 낮 서울지하철 2·6호선 환승역인 신당역에서 열차를 기다리고 있는 시민들.ⓒ데일리안 김인희 기자

서울지하철의 정시도착률이 노선에 따라 편차가 큰 것으로 드러났다. 노선이 길고 관리주체가 섞여 있는 1~4호선의 경우에는 열차 시간표가 제대로 지켜지지 않는 경우가 많았고, 서울교통공사가 주로 관리하는 5~8호선의 경우에는 열차의 정시도착률이 높은 것으로 확인됐다.





서울교통공사는 이런 지연 현상에 대해 ""운행구간이 길고 코레일 관리구간과 서울교통공사 관리구간이 섞여있는 1·3·4호선의 경우 이런 지연도착이 일어나는 편""이라며 ""서울교통공사에서도 이를 해결하기 위해 노력하고 있지만 노선에 따른 변수가 워낙 많아 어려움을 겪고 있다""고 설명했다.





서울지하철 1호선 서울역의 열차시간표. 11일 오전 오후를 막론하고 이 시간표대로 정시에 도착한 열차는 극소수에 불과했다.ⓒ데일리안 김인희 기자

11일 오전 데일리안은 서울지하철 1·4호선 환승역인 서울역을 찾았다. 서울역은 KTX를 이용하려는 승객들 및 지하철 환승객들로 항상 붐비는 곳이다. 출퇴근 시간이 지난 오전 10시 10분 이후부터 약 30분 정도 지하철 1호선 상·하행선의 정시도착 여부를 직접 체크한 결과 정시에 도착한 열차는 단 한 대에 불과했다.





상행선 기준 10시 13분에 도착했어야 할 양주행 열차는 4분이 지난 10시 17분에 도착했다. 이어 시간표상으로 10시 22분 도착인 동두천행 열차는 9분이나 늦은 10시 31분, 10시 30분에 도착했어야 할 양주행 열차는 7분 늦은 10시 37분에 도착했다. 그나마 청량리행 열차가 10시 26분 도착으로 유일하게 정시에 도착했다.





하행선도 마찬가지였다. 10시 5분 도착으로 돼 있는 서동탄행 열차는 9분 늦은 10시 14분, 10시 10분 도착인 인천행 열차는 10시 17분에 도착했다. 이 외에도 모든 하행선 열차들이 짧으면 4분, 길면 9분 정도 늦게 도착했다. 출근길 여파가 남았을까 싶어 오후 2시가 지나 다시 서울역을 찾았지만 역시 상하행선 모두 3~4분씩 연착되는 것은 예사였고 7분까지 연착되는 경우도 있었다.





2·4·5호선 환승역인 동대문역사문화공원역에서는 4호선의 도착상황을 체크했다. 4호선은 1호선에 비해 다소 나았지만 열차가 지연도착하는 것은 마찬가지였다. 상하행선을 막론하고 1호선과 마찬가지로 길면 6분, 짧아도 2분정도 지연도착했으며, 제 시간에 도착한 열차는 오전 10시 43분에 도착한 진접행 열차 1대 뿐이었다. 만약 KTX에 탑승하기 위해 서울역으로 가는 길이라면 1·4호선 열차 시간표는 절대 믿어서는 안되는 것이다.





서울지하철 4호선 동대문역사문화공원역의 열차시간표. 대부분의 열차들이 길면 6분, 짧아도 2분정도 연착해 시간표가 거의 지켜지지 않았다. ⓒ데일리안 김인희 기자

반면 같은 동대문역사문화공원역에서 운행하는 5호선 열차의 경우에는 오전 11시~12시 기준 거의 오차 없이 정시에 도착해 1호선 및 4호선과는 대비를 이뤘다. 상행선 기준 11시 8분 도착 예정인 방화행 열차만 1분 늦은 11시 9분에 도착했으며 그 뒤를 이은 방화행 열차들은 모두 정시에 동대문역사문화공원역에 도착했다. 하행선도 11시 19분 도착 예정인 마천행 열차만 1분 늦었을 뿐, 나머지 열차들은 모두 정시에 도착했다.





오후에는 인근의 2·6호선 환승역인 신당역으로 자리를 옮겼다. 신당역에서 6호선은 거의 모든 열차가 정시에 도착했다. 이어 찾은 3·7·9호선 환승역인 고속터미널 역에서도 7호선과 9호선은 거의 연착없이 정시운행이 이뤄진 반면 3호선은 짧게는 2분, 길게는 5분 정도 열차가 연착됐다.





이날 데일리안이 확인한 노선 중 연착이 심한 노선은 1호선·4호선·3호선 순이었다. 반대로 정시도착률이 높은 노선은 6호선·5호선·7호선 순이었다. 이 노선들 사이에는 어떤 차이가 있는 것일까.





연착이 심한 1·3·4호선은 노선이 길고 코레일 관리 구간이 섞여 있다는 공통점이 있다. 1호선의 서울역~청량리역을 제외한 나머지 구간이 코레일 관리구간에 해당하고, 3호선도 대화~지축 구간은 코레일 구간이다. 4호선도 당고개~남태령 구간 외는 코레일이 관리한다. 반면 정시도착률이 높은 5·6·7호선은 5호선과 7호선 일부 구간을 제외하면 대부분 서울교통공사에서 관리한다. 관리주체가 이원화된 노선일수록 연착이 잦은 것이다.





서울역에 설치된 열차시간 안내 키오스크ⓒ데일리안 김인희 기자

서울교통공사 관계자는 이날 데일리안과의 통화에서 ""1·3·4호선에서 노선에서 연착이 자주 일어나는 상황은 공사에서도 인식하고 있다""며 ""특히 노선이 가장 긴 1호선에서는 중간에 기관사를 교대하기도 하고 무궁화호 및 ITX·KTX와 노선을 공유하는 구간도 있어 변수가 많다""고 설명했다. 이 관계자는 ""정시도착은 지하철 운영에 있어서 핵심적 요소인만큼 공사에서도 해결방법을 찾기 위해 노력하고 있다""며 ""각 철도 운영기관 사이에서 협의를 통해 시민들의 불편이 없도록 하겠다""고 전했다.",연착
http://www.labortoday.co.kr/news/articleView.html?idxno=220286,"[김영삼 정권시대의 노동운동 ②***REMOVED*** 유례 없는 총파업, 막지 못한 신자유주의 노동체제",[***REMOVED***,2024-03-08 07:30:04+09:00,"▲ 유혜경 노동법 박사 (laborkyung@hanmail.net***REMOVED***

1994년 서울지하철 파업

1994년 6월24일부터 30일까지 1주일 동안 지속된 서울지하철노조 파업은 11차례에 걸친 임금협상이 결렬된 데 따른 것이다. 노조는 총액기준 15.54%인상과 100억원의 사내복지기금 출연 등을 요구했으나 공사는 3%의 인상과 30억원의 복지기금 출연을 제의해 합의점을 찾지 못했다. 당시 파업은 전국기관차협의회(전기협***REMOVED***가 8시간 노동제와 민주노조 결성 등을 요구하며 사무실에서 농성을 벌이다 공권력 투입으로 연행되면서 전국적인 철도파업으로 이어져 사상 유례없는 최악의 교통난을 유발했다.

서울지하철 노동조합은 1·2호선 군자차량기지에서 노조원들이 대거 결집한 가운데 사실상 준법운행을 선포하고 본격적인 파업과 농성에 돌입했다. 결국 우려대로 1~4호선 열차운행을 일부 단축운행하거나 중단됐다. 서울의 경우 1호선을 비롯해 2~4호선 지하철 운행이 대부분 30분 간격으로 늦춰지고 열차가 연착되는 사태가 발생했다.

정부는 파업 철회 요구에도 노조가 끝내 파업을 강행하자 공권력을 투입해 파업에 동참한 노조원들을 수색·체포했고, 경희대 등 노조원들이 은신하거나 파업 중인 곳에 전투경찰을 투입해 노조원과 연대한 대학생들을 체포하고 파업을 강제해산했다. 파업에 동참한 전기협 노조원들도 기독교회관에서 경찰에 체포돼 구속됐고 파업은 해산됐다.

공사는 파업 철회 이후 파업 적극 가담자 638명을 직위해제하고 파업주동자 185명을 사직당국에 고발해 노조원 9천여명 중 2천872명이 징계 조치하는 등 최대 규모의 처벌이 이뤄졌다.

1995년 한국통신 파업

1994년 5월부터 한국통신은 공기업 임금 가이드라인(기본급 3%+성과금 20%***REMOVED***의 철폐를 주장하며 기본급 8만원과 상여금 인상 등을 요구했다. 아울러 통신시장 개방 반대, 대기업 위주의 통신산업 민영화 중지 등을 내걸면서 노사 간 갈등은 노정대립으로 발전했다. 갈등이 깊어지자 이듬해 4월26일 사측은 유덕상 한국통신노조 위원장 등 간부 64명을 고소·고발하고 5월16일에 이들에 대한 중징계 방침을 결정했다. 노조는 명동성당과 조계사에 상황실을 설치하고 농성에 들어갔다. 조합원들은 준법투쟁에 돌입했다. 6월6일 정부는 조계사와 명동성당에 사전 통보도 없이 전격적으로 경찰병력을 투입해 간부들을 모두 연행·구속했다.

같은해 5월19일 김영삼 대통령은 IPI 한국위원회 위원장과 21명의 이사진을 청와대로 초청한 자리에서 한국통신 사태와 관련해 “한국통신노조가 불법행위를 계속해 정보통신 업무를 방해하는 것은 국가전복의 저의가 있지 않고서는 생각할 수 없는 일”이라고 말했다. 또한 “정부는 이번 사태를 단순한 노사분규 차원이 아니라 국가의 안전을 위협하는 사태로 보고 있다”면서 “나는 대통령으로서 국가를 지키고 국민생활을 보호해야 하는 헌법상의 책무를 완수하기 위해 최선을 다하겠다. 앞으로 어떤 경우든 법을 어기는 행위는 절대로 용납하지 않겠다”고 강조했다.

한국통신노조가 임금이나 직급 문제만이 아니라 개별 사업장 차원에서 해결이 힘든 민영화 문제나 통신시장 개방 반대 등 경영사항이라 불리는 문제를 들고나온 것은, 경영사항이 의무적 교섭사항이 될 수 없다는 대법원 판례의 태도에 따라 불법파업으로 규정됐다. 그러나 불법파업이라면 노동조합 및 노동관계조정법(노조법***REMOVED***상의 책임을 물으면 되는 것이지 이에 대해 ‘국가전복 기도’ 운운하는 것은 김영삼 정권의 노동정책이 과거 군부독재 시절의 권위주의적 노동체제와 크게 다르지 않음을 보여주는 것이다.

종교계도 이러한 김영삼 정권의 안보적 차원의 접근에 대해 비판하는 입장이었다. 명동성당 측은 “종교계가 중재 노력을 하는 가운데 정부가 공권력을 투입해 매우 유감스럽다. 현 정부는 2천년간 지켜온 교회법을 침해했다”면서 “군사독재 시절에 지탄받던 비도덕적 권력의 남용은 현 정부의 모습 역시 다를 바 없다. 앞으로 일어날 사태에 대한 책임은 모두 정부측에 있다”고 강력히 항의했다.

노동법 개악을 반대한 총파업 투쟁

1996년 12월26일 새벽 신한국당이 단독으로 ‘노동법 개악안’을 기습 날치기 통과시키자 반민주적 폭거에 대항해 “신한국당의 노동법 개악안 기습 통과는 원인 무효다. 노동법 개악안 날치기 통과한 신한국당은 해체하고 김영삼 정권은 퇴진하라”라고 주장하며 민주노총은 이날 오전부터 전국 산하 모든 사업장에서 무기한 총파업에 돌입했다.

민주노총 자체 집계로 총 413개 노조와 37만여명의 노동자들이 총파업에 돌입했고, 한국노총의 경우는 1997년 1월15일 1천650개 노조, 40여만명의 조합원이 파업에 참여하는 등 최대규모 총파업이 전개됐다.

노동법·안기부법 날치기 통과 반대를 위한 총파업 투쟁은 1950년 한국전쟁 이후 개별 자본가를 상대로 임금인상 등 경제적 이해와 요구를 걸고 투쟁한 것과 다르게, 국가권력을 상대로 해 노동관계법과 민주주의의 확장을 위해 노동악법 및 안기부법 철회를 요구조건으로 파업한 것으로써, 전국적으로 전 산업에서 전개된 최초의 정치적 총파업 투쟁이었다.

민주노총은 ‘노개투(노동법 개정 투쟁***REMOVED*** 총파업 보고서’를 통해 1996~1997년 노개투에 대해 자체 평가를 진행했다. 민주노총 위원장은 머리말에서 “지난 1년은 모든 역량을 노동법 개정 투쟁에 바친 1년이었고 (중략***REMOVED*** 1년 내내 계속된 노동법 개정 투쟁은 마침내 건국 후 최초의 전국 총파업 투쟁(중략***REMOVED***으로 세계 노동계를 뒤흔든 정치 총파업은 너무 장대하고 위대한 투쟁”이라고 평가하고 있다.

그리고 민주노총은 노개투 총파업 투쟁의 의의를 ①날치기 노동법 저지, 법 개정 등 정권의 후퇴를 이끌어 냄 ② 민주노총의 조직력을 확대·강화하고 산별노조 건설토대 구축 ③ 민주노총의 사회적 역할과 위상 강화 ④ 조합원 정치의식 강화, 노동자를 민주주의 투사로 각인시켜 정치세력화 토대구축 ⑤ 노동자 총파업 투쟁이 범국민적 투쟁을 선도하고 투쟁의 확산을 가져 옴이라고 평가했다.

그러나 1996~97년 노개투 총파업 투쟁은 단지 노동법·안기부법의 날치기 통과를 저지한다는 점을 넘어서 자본과 정권의 신자유주의 공세에 대한 공세적 대응으로 확장되지 못한 한계가 존재했다. 노개투 총파업 투쟁 1년 뒤인 1997년 12월 IMF 외환위기와 1998년 김대중 정권에 의한 시장자유주의적 노동체제(정리해고제의 요건 완화 및 근로자파견제 입법화 등***REMOVED***로 한국 노동시장이 ‘비정규직화’와 ‘맘대로 해고’가 너무도 당연시되는 상황으로까지 이어지게 됐다.

노동법 박사 (laborkyung@hanmail.net***REMOVED***

*이번 회를 끝으로 유혜경의 한국노동역사 연재를 마칩니다.",연착
https://news.kbs.co.kr/news/pc/view/view.do?ncd=7897246&ref=A,KBS 뉴스,[***REMOVED***,2024-02-22 00:00:00,"동영상 고정 취소

[앵커***REMOVED***



서울에선 지하철 운행이 곳곳에서 지연되며 말 그대로 '출근 대란'이 벌어졌습니다.



시민들은 눈길 정체를 피해 지하철역으로 향했지만, 오지 않는 전동차를 기다리며 발만 동동 굴렀습니다.



최인영 기자가 취재했습니다.



[리포트***REMOVED***



새하얀 눈으로 온통 뒤덮인 서울의 거리.



눈 덮인 선로 위를 전동차가 가로지릅니다.



많은 시민들이 눈길 교통 정체를 피해 지하철역으로 향했지만 5호선에선 출근 대란이 벌어졌습니다.



새벽 첫 전동차가 제때 못 떠나 전 구간에서 열차 운행이 늦어진 겁니다.



[유연영/서울시 양천구 : ""오늘은 대중교통을 하라고 그래서…5호선 타는데 너무 사람이 많은 거예요. 또 지연됐더라고요.""***REMOVED***



3호선에서는 전동차 출입문이 고장 나 승객들이 모두 하차했고, 2호선과 7호선, 수도권 광역철도에서도 전동차 운행이 지연됐습니다.



[""안전운행 조치 관계로 전동 열차 운행이 연쇄 지연 및 변동….""***REMOVED***



전동차를 타지 못한 시민들로 역사 곳곳에서 큰 혼잡이 빚어졌습니다.



[김세연/서울교통공사 안내원 : ""7시 반쯤부터 8시 40분까지 굉장히 아주 붐벼서 계단에서 사람이 내려오지 못할 정도로….""***REMOVED***



지각을 걱정한 시민들은 버스 정류장으로 발걸음을 옮겼습니다.



[박희진/서울 중구 : ""지금 5호선이 연착돼서 버스 타러 올라왔습니다. 조금 지각할 거 같긴 한데 지하철이 너무 안 와가지고….""***REMOVED***



눈이 녹으면서 도로 곳곳엔 이렇게 물웅덩이가 생겨 시민들이 통행에도 불편을 겪었습니다.



[이수현/서울시 서초구 : ""이렇게 많이 쌓였을 줄은 몰랐어요. 패딩도 꺼내서 다시 입었어요. 보통 코트 입고 다녔었는데….""***REMOVED***



수도권에는 당분간 눈 예보는 없지만, 최저 기온이 영하에 머무는 날씨는 주말까지 계속될 거로 보입니다.



KBS 뉴스 최인영입니다.



촬영기자:최재혁 김형준 최하운 강현경 서원철 정준희/영상편집:신남규



■ 제보하기

▷ 카카오톡 : 'KBS제보' 검색, 채널 추가

▷ 전화 : 02-781-1234, 4444

▷ 이메일 : kbs1234@kbs.co.kr

▷ 유튜브, 네이버, 카카오에서도 KBS뉴스를 구독해주세요!",연착
https://www.obsnews.co.kr/news/articleView.html?idxno=1432161,폭설에 서울지하철 운행 차질…사고 잇따라,[***REMOVED***,2024-02-22 20:16:00+09:00,"【앵커】

오늘 출근길 많이 힘드셨죠.

밤새 수도권엔 많은 눈이 내리면서 지하철 일부 구간에서 운행 차질이 빚어졌습니다.

곳곳에 눈길 인명 피해와 미끄러짐 사고도 잇따랐습니다.

백소민 기자입니다.

【기자】

[5호선 대부분 열차가 지연이 되고 있습니다.***REMOVED***

오늘 오전 7시30쯤.

매일 같은 시간에 출근하는 20대 직장인 김 씨는 오늘 처음으로 지각을 하고 말았습니다.

5호선 상하행선 모두, 평소보다 25분씩 열차 운행이 지연됐기 때문입니다.

[김보람 / 서울시 양천구: 출근하려고 목동역에서 지하철 타려고 하는데, 오늘따라 사람들이 엄청 많고, 지하철까지 연착돼서 지각했거든요. 근데 사무실에 와보니까 다른 직원들도 마찬가지더라고요.***REMOVED***

서울교통공사 측은 강설로 인해 기지 출고에 문제가 생겼다고 설명했습니다.

5호선뿐 아니라, 2호선과 7호선도 출근시간 때 상하행선 모두 최대 20분 가량 늦어졌습니다.

어제부터 많은 양의 눈이 내리면서 서울에선 14cm 가량의 눈이 쌓였습니다.

인명 피해와 미끄러짐 사고도 있었습니다.

오늘 새벽 4시쯤, 서울 금천구의 한 주택가 경사로에서 눈길에 미끄러지는 차를 몸으로 막으려다 30대 남성이 숨졌습니다.

이 남성은 경사가 있는 골목에 주차한 자신의 차가 미끄러지면서 다른 차와 부딪치지 않기 위해 막다가 사고를 당했습니다.

비슷한 시각, 경기도 부천에선 눈을 치우던 8톤짜리 제설차가 미끄러져 뒤집혔습니다.

다행히 다친 사람은 없었지만, 왕복 2차선 도로가 한때 통제되기도 했습니다.

OBS뉴스 백소민입니다.

<영상취재: 김재춘, 김지현, 박선권 / 영상편집: 김세용>",연착
https://imnews.imbc.com/replay/2024/nwdesk/article/6573683_36515.html,서울에 내린 10cm 넘는 폭설‥출근길 혼잡·지하철 지연운행도 잇따라,[***REMOVED***,2024-02-22 19:57:06+09:00,"전체재생

◀ 앵커 ▶밤사이 서울을 비롯한 수도권에 10cm 넘는 눈이 내리면서 출근길 혼잡이 빚어졌습니다.전차에 전기를 공급하는 전차선이 얼어붙으면서 지하철 지연 운행이 잇따랐고 교통사고도 속출했습니다.조희형 기자가 취재했습니다.◀ 리포트 ▶밤사이 10cm가 넘는 눈이 쏟아지면서 서울 도심 풍경은 한겨울로 돌아갔습니다.출근길도 험난했습니다.차량은 눈 쌓인 비탈길에서 속절없이 미끄러지고, 또 다른 차량은 거북이걸음으로 겨우 빠져나갑니다.종종걸음 중인 사람들 사이로 환경미화원들은 습기를 먹어 무거워진 눈을 쓸어내느라 구슬땀을 흘렸습니다.[환경미화원***REMOVED***""얼은 상태에서 이게 눈이 오다 보니까 이런 작업 도구들이 이렇게 부러져버렸습니다.""밤새 내린 눈으로 서울지하철 열차 운행에도 문제가 생겼습니다.5호선의 경우 열차에 전력을 공급하는 전차선이 얼어붙으면서 전 구간에 걸쳐 20분간 지연이 발생했습니다.눈이 녹으면서 출입문 센서에 장애가 발생해 7호선도 운행이 지연되는 등 다른 노선들도 차질을 빚었습니다.[강영근/7호선 탑승객***REMOVED***""(친구를***REMOVED*** 9시 반에 만나기로 했는데 뭐 때문인지 모르겠는데 차가 연착이 돼서 늦게… <몇 분째 기다리시는 거예요?> 우리 한 20분 정도…""공항에선 비행기 위로 쌓인 눈을 털어내느라 분주한 하루를 보낸 가운데 기상악화로 항공기 11편이 결항되기도 했습니다.눈으로 인한 사고도 속출했습니다.아파트 지하주차장 지붕은 눈 무게를 견디지 못해 한순간에 무너져 내렸습니다.새벽 시간 벌어진 일이어서 사람이나 차량 피해는 없었습니다.[김 모 씨(주민***REMOVED******REMOVED***""아기를 등원을 시켜야 되는데 아기가 둘이거든요. 눈길에 애 둘을 데리고 가자니 또 힘들고…택시가 지금 잘 안 잡혔어요.""비슷한 시각, 경기 파주시의 한 도로에선 1톤 트럭이 미끄러졌고 경기 부천시의 한 도로에선 제설차가 옆으로 넘어지는 사고가 났습니다.또, 서울의 한 주택가 경사로에선 30대 남성이 자신의 승합차가 미끄러지는걸 보고 몸으로 막으려다 깔려 병원으로 옮겨졌지만 숨졌습니다.중앙재난안전대책본부는 내일 중부지방 기온이 영하로 떨어질 걸로 예상되는 만큼 취약시설에 대한 제설과 제빙 작업을 철저히 하도록 지자체에 지시했습니다.MBC뉴스 조희형입니다.영상취재: 김준형, 김경배, 정지호 / 영상편집: 허유빈 / 영상제공: 한국공항공사, 경기북부소방, 김형석·신동희(시청자***REMOVED***▷ 전화 02-784-4000▷ 이메일 mbcjebo@mbc.co.kr▷ 카카오톡 @mbc제보",연착
http://news.mt.co.kr/mtview.php?no=2024022216344393329,"폭설로 지하철 지연…""일찍 나왔는데 면접 지각"" 누리꾼 하소연",[***REMOVED***,2024-02-22 17:22:29+09:00,"밤사이 내린 눈으로 인한 기지 출고 장애로 서울 지하철 5호선 전 구간 열차 운행이 지연된 22일 오전 광화문역이 승객들로 붐비고 있다./사진=뉴시스 밤사이 내린 폭설로 22일 서울 지하철이 연착되면서 '출근길 대란'이 일어난 가운데 불편을 겪은 시민들의 하소연이 이어지고 있다.



서울교통공사 등에 따르면 이날 오전 지하철 1~5호선과 7호선 열차가 평소보다 15~30분씩 지연됐다. 특히 4호선 하행선은 30분이나 운행이 늦어졌다.





한 누리꾼은 지하철 연착으로 중요한 면접에 늦었다고 토로했다. A씨는 오전 9시26분쯤 SNS(소셜네트워크서비스***REMOVED***에 올린 글에서 ""오전 10시에 대표 면접이 있다""며 ""2시간 10분 거리라 환승 시간까지 여유 있게 계산해 7시 30분쯤 집에서 출발했다""고 밝혔다.



이어 ""그런데 지하철이 오지 않아 시간이 지체됐다. 3호선 고장으로 독립문역에서는 5분간 문이 여닫혔다""며 ""승객들이 모두 내린 뒤 다음 열차에 탑승해야 했는데, 사람들이 꽉 차서 2개를 그냥 보냈다. 아직도 환승 두 번 남았다""고 하소연했다.



A씨는 오전 9시45분쯤 ""방금 지하철역에서 나와 버스 타러 이동 중""이라며 ""원래대로면 지금쯤 건물 앞이어야 했다""고 말했다. A씨는 결국 면접 시간에 20분 정도 지각했다고 전해 안타까움을 안겼다.





다른 누리꾼들도 ""지하철이 마비돼 회사에 늦었다"", ""지하철에서 졸다가 깼는데 아직도 도착을 안 했다"", ""5호선이 올 생각을 안 한다"", ""30분 일찍 나왔는데 30분 이상 기다려서 지각 확정"" 등 글을 남기며 불편을 호소했다.



지하철 연착으로 회사나 학교에 지각하면 역무실에서 '간편 지연증명서'를 발급받으면 된다. 서울교통공사는 사고 등으로 인해 열차가 5분 이상 지연될 때 지연증명서를 발급한다. 역사가 혼잡하거나 증명서 발급을 기다리기 어렵다면 홈페이지에서 발급받을 수 있다. 밤사이 내린 폭설로 22일 서울 지하철이 연착되면서 '출근길 대란'이 일어난 가운데 불편을 겪은 시민들의 하소연이 이어지고 있다.서울교통공사 등에 따르면 이날 오전 지하철 1~5호선과 7호선 열차가 평소보다 15~30분씩 지연됐다. 특히 4호선 하행선은 30분이나 운행이 늦어졌다.한 누리꾼은 지하철 연착으로 중요한 면접에 늦었다고 토로했다. A씨는 오전 9시26분쯤 SNS(소셜네트워크서비스***REMOVED***에 올린 글에서 ""오전 10시에 대표 면접이 있다""며 ""2시간 10분 거리라 환승 시간까지 여유 있게 계산해 7시 30분쯤 집에서 출발했다""고 밝혔다.이어 ""그런데 지하철이 오지 않아 시간이 지체됐다. 3호선 고장으로 독립문역에서는 5분간 문이 여닫혔다""며 ""승객들이 모두 내린 뒤 다음 열차에 탑승해야 했는데, 사람들이 꽉 차서 2개를 그냥 보냈다. 아직도 환승 두 번 남았다""고 하소연했다.A씨는 오전 9시45분쯤 ""방금 지하철역에서 나와 버스 타러 이동 중""이라며 ""원래대로면 지금쯤 건물 앞이어야 했다""고 말했다. A씨는 결국 면접 시간에 20분 정도 지각했다고 전해 안타까움을 안겼다.다른 누리꾼들도 ""지하철이 마비돼 회사에 늦었다"", ""지하철에서 졸다가 깼는데 아직도 도착을 안 했다"", ""5호선이 올 생각을 안 한다"", ""30분 일찍 나왔는데 30분 이상 기다려서 지각 확정"" 등 글을 남기며 불편을 호소했다.지하철 연착으로 회사나 학교에 지각하면 역무실에서 '간편 지연증명서'를 발급받으면 된다. 서울교통공사는 사고 등으로 인해 열차가 5분 이상 지연될 때 지연증명서를 발급한다. 역사가 혼잡하거나 증명서 발급을 기다리기 어렵다면 홈페이지에서 발급받을 수 있다.





<저작권자 © ‘돈이 보이는 리얼타임 뉴스’ 머니투데이, 무단전재 및 재배포 금지> 공감 0%

비공감 0%",연착
https://www.sedaily.com/NewsView/2D5GKPHTS3,[기습폭설에 사고 속출***REMOVED*** '습설'에 건물 붕괴…미끄러진 차에 목숨 잃어,[***REMOVED***,2024-02-22 16:10:00+09:00,"viewer 서울 지역에 폭설이 내리면서 출근 시간대 지하철 5호선 열차 운행이 전 구간에서 늦어진 22일 오전 서울 지하철 5호선 광화문역에서 시민들이 이동하고 있다. 연합뉴스

< 저작권자 ⓒ 서울경제, 무단 전재 및 재배포 금지 >

3월을 앞둔 시점에 이례적인 폭설이 한반도를 덮친 가운데 전국 곳곳에서 미끄럼 사고가 발생하고, 지하철 운행이 지연되는 등 교통 혼잡이 잇따르고 있다.22일 오전 5시 30분 출발 예정이었던 서울지하철 5호선은 밤사이 이어진 폭설로 25분 늦게 출발했다. 첫 차가 늦어지면서 뒤따르는 열차의 출발도 잇따라 지연돼 출근 시간에 시민들이 큰 불편을 겪었다. 서울교통공사는 고덕차량기지 전원 공급 장치에 쌓인 눈이 얼어붙으면서 열차 출발이 늦어졌다고 밝혔다.서울지하철 2호선도 이날 오전 8시 30분께 신호 장애 등으로 내·외선 열차가 20분가량 지연됐다. 3호선과 7호선은 출입문과 승강기 안전문 등에 장애가 발생했으며 한국철도공사 1·3·4호선·경의중앙선·수인분당선 등도 10분에서 30분 사이 열차 운행이 지연됐다. 버스 또한 지속적으로 쌓인 눈에 정상 운행에 차질을 빚었다.이날 마포구 인근에서 만난 개포동 거주민 주성원(47***REMOVED*** 씨는 “출근길에 지하철 5호선이 연착된 데다 회사로 걸어가는 길도 미끄러워서 하마터면 지각할 뻔했다”며 “20분 뒤에는 회의 때문에 을지로로 가야 하는데 택시가 잡히지 않아 마음이 급하다”고 말했다.이날 내린 눈은 물기를 머금어 무거워진 습설(濕雪***REMOVED***로, 습기가 적은 건설(乾雪***REMOVED***에 비해 2~3배가량 무겁다. 이에 나무나 건물 구조물 등이 눈의 무게를 버티지 못하고 쓰러지는 사고가 잇따라 발생하고 있다. 이날 13㎝ 이상의 눈이 쌓인 서울에서는 마포구의 한 아파트 지하주차장 캐노피가 무너졌다. 강원 삼척시 도계읍에서는 폭설에 부러진 소나무가 전선을 덮치면서 2시간가량 정전이 발생하기도 했다.미끄럼 사고도 이어졌다. 특히 최대 70㎝에 육박하는 눈이 내린 강원도에서는 하루 만에 30건에 달하는 교통사고가 접수됐다. 21일 오후 10시 27분께 정선군 고한읍 인근에서 미끄러짐 사고가 발생해 2명이 다쳤다. 화천군 사내면에서는 눈길에 미끄러진 스포츠유틸리티차량(SUV***REMOVED***이 트럭과 충돌해 4명이 부상을 당했다.눈을 치우던 제설차가 넘어지는 사고도 발생했다. 이날 오전 5시 7분께 경기도 부천시 소사구 심곡본동의 한 도로에서 8톤 규모의 제설차가 내리막길을 내려가다 눈길에 전도돼 왕복 2차로의 통행이 한때 통제됐다. 같은 날 오전 7시께 충북 음성군 생극면의 편도 2차선 2차로에서도 제설차가 눈길에 미끄러지며 도로변 논두렁에 빠지는 사고가 발생했다.인명 피해도 발생했다. 서울 금천경찰서에 따르면 이날 오전 4시 5분께 금천구 독산동의 한 주택가에서 경사진 골목에 주차한 자신의 차량이 미끄러지자 이를 막으려던 30대 남성이 차에 깔렸다. 현장에 도착한 소방대원들이 의식을 잃은 남성을 구조해 인근 병원으로 이송했지만 끝내 숨졌다.눈이나 비는 이번 주말까지 이어질 것으로 전망된다. 기상청에 따르면 23일 수도권에는 1㎝ 내외의 눈이 올 예정이다. 강원 산지에는 최대 30㎝의 눈이 쌓일 것으로 예상된다. 이후 다음 달 1일에는 서울 아침 최저기온이 -3도까지 내려가는 등 급격히 기온이 떨어질 것으로 보인다.",연착
https://www.mk.co.kr/article/11013698,GTX·5호선 연장 호재 … 김포 집값 쑥쑥,[***REMOVED***,2024-05-12 17:32:13+09:00,"'메가서울' 논란 상관없이

중대형 중심 7억원대 거래

호가 올리는 집주인 늘어

매물 대거 거둬들이기도

사진 확대 경기도 김포시 고촌 일대의 아파트 단지 전경. 매경DB

사진 확대

지난 총선 때 경기 김포를 달궜던 서울 편입 화제는 일단 수면 아래로 내려갔지만 총선 이후에도 김포 집값이 꾸준한 상승세를 보여 주목된다.12일 한국부동산원에 따르면 지난달 김포 집값은 0.22% 상승했다. 이 기간 경기권 집값이 0.09% 하락한 것과 대비된다. 최근 수도권광역급행철도(GTX***REMOVED***-D노선과 서울지하철 5호선 연장 계획 등이 아파트 가격을 끌어올리는 요인으로 작용하고 있다.국토교통부 실거래가 공개시스템을 보면 지난달 김포 대표 아파트로 꼽히는 '풍무센트럴푸르지오' 전용면적 84㎡가 7억원에 손바뀜됐다. 해당 평형은 지난해 10월 국민의힘이 김포시를 서울로 편입하는 이른바 '메가시티' 문제가 부상할 당시 5억7000만~6억7500만원에 거래가 이뤄졌다.전용 84㎡는 작년 가을 6억원대 중반에 주로 매매가 체결됐는데 올해 들어 7억원대 매매는 두 번째를 기록하고 있다. 앞서 3월에는 7억250만원에 거래가 성사됐다. 지역 중개업소에 따르면 최근 7억3000만원에 매물이 나오기도 한다.부동산 업계에 따르면 풍무센트럴푸르지오는 서울지하철 5호선 연장안에 따라 수요가 늘고 있는 것으로 풀이된다. 연장안에 따르면 서울 방화역에서 인천 서구 검단신도시를 거쳐 경기 김포 한강신도시까지 총 10개 역사(김포 7개, 검단 2개, 서울 1개***REMOVED***를 연장한다. 업계에서는 교통 호재라는 도시 운용 측면에서 가격이 상승하는 점에 주목하는 분위기다.김포시 고촌읍 역시 이러한 이유로 아파트 가격이 들썩이고 있다. 지난해 12월 6억400만원에 거래된 '수기마을힐스테이트' 1단지 전용 84㎡는 지난 2월 6억2700만원에 거래됐다.GTX-D노선이 지나갈 예정인 김포시 장기역 인근 '김포한강센트럴자이' 1단지는 올해 1월 5억3500만원에 이어 지난달에는 5억4500만원에 거래가 체결됐다. 김포 중개업소 관계자는 ""5호선 연장안 발표 이후 호가를 올리는 집주인도 늘고 있다""며 ""급매가 아니면 매물을 거두는 주인들도 나타나고 있다""고 설명했다.실제로 아파트실거래가(아실***REMOVED***에 따르면 김포 걸포동 일대는 이달 들어 매물이 급감했다. 지난 1일 660건이었던 매물은 10일 641건으로 20건 가까이 감소했다. 이 기간 국토부 실거래가 공개시스템에 등록된 매매가 1건임을 고려하면 이러한 매물 감소는 매매보다는 매물을 거둬들인 영향이 상당할 것으로 추정된다.걸포동에는 역시 김포 대장주 아파트로 불리는 '한강메트로자이' '오스타파라곤' 등이 김포골드라인 걸포북변역 인근에 있다. 걸포북변역은 인천지하철 2호선이 연장될 예정으로 이는 대표적인 교통 호재로 꼽힌다.지난 3월 6억8700만원(전용면적 84㎡***REMOVED***까지 거래됐던 한강메트로자이는 지난달 7억1000만원까지 가격이 뛰었다.윤지해 부동산R114 수석연구원은 ""김포는 지난해 9월부터 월간 단위로 가격이 오르고 있다""며 ""현재 단기적으로 서울지하철 5호선과 인천지하철 2호선 연장, 김포 제2 한강신도시 호재 등이 가격에 반영되고 있는 상황""이라고 설명했다.한편 김포시와 인천시는 서울지하철 5호선 연장을 두고 갈등을 이어가고 있다. 예정대로라면 5호선 연장안은 이달 말 확정될 예정이지만 일각에서는 지방자치단체 합의가 불발될 경우 사업이 지연될 가능성에도 무게가 실리는 분위기다.지난 1월 대도시권광역교통위원회(대광위***REMOVED***가 발표한 5호선 중재안을 두고 인천시는 서울 방향에서 김포·풍무동을 거쳐 검단 지역으로 내려오는 형태로 검단 지역 3개 역, 불로동에 1개 역 등 4개 역을 설치해 달라는 '인천시 노선안'을 고수하고 있다. 김포시는 '풍무2역' '김포경찰서역' '통진역' 등 3개 역사를 추가 신설해야 한다는 '김포시 변경안'을 대광위에 제출한 상태다.[이윤재 기자***REMOVED***",지연
https://www.mk.co.kr/article/11013565,GTX·5호선 연장 호재…‘이 지역’ 집값 슬금슬금 계속 오르네,[***REMOVED***,2024-05-12 14:56:53+09:00,"‘서울 편입’ 이슈 있던 김포

중대형 중심 7억원대 거래

호가 올리는 집주인 늘어

사진 확대 경기도 김포시 고촌 일대의 아파트 단지 전경. 매경DB

지난 총선 때 경기도 김포시를 달궜던 서울 편입 화제가 일단 수면 아래로 내려갔지만 김포시 집값은 총선 이후에도 꾸준한 상승세를 보여 주목된다.

12일 한국부동산원에 따르면 지난달 김포 집값은 0.22% 상승했다. 이 기간 경기도 집값이 0.09% 하락한 것과 대비된다. 최근 수도권광역급행철도(GTX***REMOVED***-D노선과 서울 지하철 5호선 연장 계획 등이 아파트값을 끌어올리는 요인으로 작용하고 있다.

국토교통부 실거래가 공개 시스템을 보면 지난달 김포 대표 아파트로 꼽히는 ‘풍무센트럴푸르지오’ 전용면적 84㎡가 7억원에 손바뀜됐다. 해당 평형은 지난해 10월 국민의힘이 김포시를 서울로 편입하는 이른바 ‘메가시티’ 문제가 막 부상할 당시 5억7000만~6억7500만원 선에서 거래가 이뤄졌다.

전용 84㎡의 경우 작년 가을 6억원대 중반에서 주로 매매가 체결됐었는데 올해 들어 7억원 매매는 두 번째를 기록하고 있다. 앞서 3월에는 7억250만원에 거래가 성사됐다. 지역 중개업소에 따르면 최근엔 7억3000만원에 매물이 나오기도 한다.

부동산 업계에 따르면 풍무센트럴푸르지오는 서울 지하철 5호선 연장안에 따라 수요가 늘고 있는 것으로 풀이된다. 연장안에 따르면 서울 방화역에서 인천 서구 검단신도시를 거쳐 경기 김포 한강신도시까지 총 10개 역사(김포 7개, 검단 2개, 서울 1개***REMOVED***를 연장한다.

업계에서는 교통 호재라는 도시 운용 측면에서 가격이 상승하는 점에 주목하는 분위기다.

사진 확대

김포시 고촌읍 역시 이러한 이유로 아파트값이 들썩이고 있다. 지난해 12월 6억400만원에 거래된 ‘수기마을힐스테이트’ 1단지 전용 84㎡는 지난 2월 6억2700만원에 거래됐다.

GTX-D 노선이 지나갈 예정인 김포시 장기역 인근 ‘김포한강센트럴자이’ 1단지는 올해 1월 5억3500만원에 이어 지난달에는 5억4500만원에 거래가 체결됐다.

김포 중개업소 관계자는 “5호선 연장안 발표 이후 호가를 높이는 집주인도 늘고 있다”며 “급매가 아닌 경우에는 매물을 거두는 주인들도 나타나고 있다”고 설명했다.

실제로 아파트 실거래가(아실***REMOVED***에 따르면 김포 걸포동 일대의 경우 이달 들어 매물이 급감했다. 지난 1일 660건이었던 매물은 지난 10일 641건으로 20건 가까이 감소했다.

이 기간 국토교통부 실거래가 공개시스템에 등록된 매매가 1건임을 고려하면 이러한 매물 감소는 매매보다는 매물을 거둬들인 영향이 상당할 것으로 추정된다.

걸포동에는 역시 김포 대장주 아파트로 불리는 ‘한강메트로자이’ ‘오스타파라곤’ 등이 김포 골드라인 걸포북변역 인근에 있다. 걸포북변역은 인천지하철 2호선이 연장될 예정으로 대표적인 교통 호재로 꼽힌다.

지난 3월 6억8700만원(전용면적 84㎡***REMOVED***까지 거래됐던 한강메트로자이는 지난달 7억1000만원까지 가격이 뛰었다.

윤지해 부동산 R114 수석연구원은 “김포의 경우 지난해 9월부터 월간 단위로 가격이 오르고 있다”며 “현재 단기적으로 서울 지하철 5호선과 인천지하철 2호선 연장, 김포한강 제2신도시 호재 등이 가격에 반영되고 있는 상황”이라고 설명했다.

한편 김포시와 인천시는 서울 지하철 5호선 연장을 두고 갈등 상황이 이어지고 있다. 예정대로라면 5호선 연장안은 이달 말 확정될 예정이지만 일각에서는 지방자치단체 합의가 불발될 경우 사업이 지연될 가능성에도 무게가 실리는 분위기다.

지난 1월 대도시권광역교통위원회(대광위***REMOVED***가 발표한 5호선 중재안을 두고 인천시는 서울 방향에서 김포·풍무동을 거쳐 검단 지역으로 내려오는 형태로 검단 지역 3개역, 불로동에 1개역 등 4개역을 설치해달라는 ‘인천시 노선안’을 고수하고 있다.

김포시는 ‘풍무2역’ ‘김포경찰서역’ ‘통진역’ 등 3개 역사를 추가 신설해야 한다는 ‘김포시 변경안’을 대광위에 제출한 상태다.",지연
http://www.dailyimpact.co.kr/news/articleView.html?idxno=116253,예상 뛰어넘는 K-패스 인기에...카드업계 '미소' < 금융 < 기사본문,[***REMOVED***,2024-05-10 17:02:08+09:00,"사진=K-패스 홈페이지 캡처

[데일리임팩트 심민현 기자***REMOVED*** 대중교통비를 일부 되돌려주는 'K-패스' 카드가 지난 1일부터 서비스를 시작한 가운데 카드 신청량이 폭주하면서 발급이 지연되고 있다. 당초 예상보다 발급 신청량이 많아 제작에 필요한 자재 부족 현상이 발생한 것.

카드업계는 자재 수급 문제를 하루 빨리 해결해 발급 지연 사태를 해소하겠다는 방침이다.

K-패스 회원 100만명 돌파

10일 업계에 따르면 K-패스 회원은 서비스가 시작되기 하루 전인 지난달 30일 기준 100만명을 돌파했다. K-패스는 기존 알뜰교통카드를 업그레이드한 것으로 알뜰교통카드 회원 중 약 82만명이 전환을 요청했고 약 25만명이 신규 발급을 신청했다.

K-패스의 뜨거운 인기에 발급 지연 사태까지 벌어졌다. 하나카드는 지난 3일 K-패스 발급 급증에 따라 배송이 지연되고 있다고 소비자들에게 안내했다. 3일 기준 카드를 신청하는 고객들에게는 이달 13일부터 순차적으로 카드를 배송하겠다고 공지했다.

우리카드도 이달 1일 신청 건부터 체크카드 발급 분에 대해 발급 지연 상황이 발생했다. 이달 17일부터 순차적으로 발송한다는 계획이다. 신한카드와 KB국민카드 역시 발급 지연과 관련해 고객들에게 양해를 구한 상태다.

K-패스는 월 15회 이상 정기적으로 대중교통을 이용할 경우 지출 금액의 일정 비율(일반인 20%, 청년층 30%, 저소득층 53%***REMOVED***을 다음 달에 돌려받을 수 있는 교통카드다.

대상 대중교통은 시내·마을버스, 지하철, 광역버스, 수도권 광역급행철도(GTX***REMOVED*** 등으로 혜택은 이달 1일부터 적용되고 있다. 만약 월 평균 10만원을 지출하는 이용자라면 일반인은 2만원, 청년은 3만원, 저소득층은 5만3000원을 절감한다.

올해 1월 말 서비스를 시작한 서울시의 기후동행카드와의 가장 큰 차이점은 적용 범위다. K-패스는 서울을 포함한 전국에서 사용할 수 있으며 지하철·시내버스는 물론 광역버스, 신분당선, GTX-A 등 다양한 교통 수단에서 사용이 가능하다. 반면 기후동행카드는 서울 내 버스·지하철이 주 사용처다. 최근 김포골드라인 사용이 가능해졌지만 아직 서울 밖 대부분 대중교통에서는 사용이 어렵다.

K-패스는 환급형, 기후동행카드는 정기권이라는 점도 또 다른 차이다. K-패스는 월 15회 이상 대중교통을 이용하면 1~60회까지의 지출 금액 일정 비율을 다음 달에 환급한다. 반면 기후동행카드는 서울 지하철·버스를 무제한 이용할 수 있는 월 6만2000원권, 따릉이까지 이용할 수 있는 6만5000원권, 청년이 지하철·버스·따릉이를 모두 이용할 수 있는 5만8000원권 중 선택해 해당 금액만 내면 몇 회 이용하든 추가 결제가 필요없다.

미소 짓는 카드업계...업황 악화 속 '단비'

이처럼 K-패스의 예상을 뛰어넘는 인기에 카드업계는 오랜만에 미소를 짓고 있다. 카드사들은 지난해부터 고금리 장기화로 인한 조달 비용 상승 등의 영향으로 업황 악화에 시달리고 있다.

실제 지난해 현대카드를 제외한 전업카드사 7곳 모두 역성장을 기록했다. 우리카드의 당기순이익은 1120억원으로 전년 동기 대비 45.3% 급감했고 KB국민카드와 하나카드의 순익 역시 전년 동기 대비 각각 7.3% 감소한 3511억원, 10.9% 줄어든 1719억원을 나타냈다. 신한카드와 삼성카드의 순이익도 각각 2.1%, 3.2% 감소했다.

올해 1분기에는 우리카드를 제외한 4곳(신한·삼성·KB국민·하나***REMOVED***의 순이익이 작년보다 늘었지만 이는 실질적 업황 개선이 아닌 판관비 축소 등에 따른 결과로 전형적인 '불황형 적자'로 카드업계에서도 큰 의미를 부여하지 않고 있다.

이 같은 상황에서 K-패스의 인기는 카드사들에겐 단비처럼 여겨지고 있다.

K-패스 카드로 인한 수익성 자체는 마진이 크게 남지 않기 때문에 전체적인 실적의 판도를 바꿀 정도는 아니지만 K-패스 카드를 사용함으로써 다른 사용처에서도 카드를 쓸 가능성이 높아지는 것을 고려하면 카드사 입장에선 K-패스로 인한 낙수효과를 기대할 수 있는 셈이다.

카드사 경쟁 치열...각종 부가 서비스 혜택으로 고객 유치

K-패스 고객을 유치하기 위한 카드사들의 경쟁도 치열한 상황이다. 고객의 구미가 당길 만한 부가 서비스 혜택을 잇따라 내놓으며 홍보에 열을 올리고 있다.

먼저 'K-패스 신한카드'는 환급 혜택에 더해 대중교통(버스·지하철***REMOVED*** 10% 할인 서비스를 추가로 제공한다. 또 신한 SOL페이·삼성페이 등 간편결제 이용 시에도 5% 할인받을 수 있다. KB국민카드도 K패스 신용카드로 전월 30만원 이상 이용 시 대중교통(버스·지하철***REMOVED*** 10%(월 최대 5000원***REMOVED***, 생활서비스 영역(이동통신·커피·약국·편의점·영화·패스트푸드점***REMOVED*** 5%(월 최대 5000원***REMOVED*** 할인 혜택을 제공한다.

삼성카드는 커피전문점 20% 할인, 디지털콘텐츠 및 멤버십 20% 할인 등을 내걸었고 NH농협카드는 렌터카 및 카셰어링 10% 청구할인, 전기차 충전 10% 청구할인 혜택을 넣어 교통 특화 카드로 만들었다.

카드업계 한 관계자는 데일리임팩트에 ""카드업계가 비용 절감을 위해 영업활동에 필요한 경비를 줄이는 추세지만 K-패스 관련 상품은 이야기가 다르다""며 ""대다수 카드사가 각종 홍보 활동은 물론 넣을 수 있는 서비스 혜택은 모두 포함시키는 등 시장 선점을 위해 고군분투하고 있다""고 말했다.",지연
https://www.dt.co.kr/contents.html?article_no=2024051002109923056002&ref=naver,귀해지는 수도권 아파트 물량 속 승승장구하는 정비사업 아파트,[***REMOVED***,2024-05-10 00:00:00,"올해 아파트 1순위 청약경쟁률 TOP 3, 인프라·미래가치 남다른 정비사업 단지가 장악

성남 新 랜드마크 기대되는 '해링턴 스퀘어 신흥역' 분양 예정



해링턴 스퀘어 신흥역 투시도





[ 저작권자 ⓒ디지털타임스, 무단 전재 및 재배포 금지 ***REMOVED***

수도권 분양시장에서 정비사업으로 공급되는 아파트가 남다른 인기를 이어가고 있다. 주로 원도심에서 공급되는 만큼 잘 갖춘 인프라를 바탕으로 높은 주거 선호도를 얻고 있는 데다, 정비사업 진행에 따른 주거환경 개선으로 높은 미래가치도 선점할 수 있다는 점이 인기 요인으로 분석된다.한국감정원 청약홈 자료에 따르면, 올해 1월부터 현재(05.07기준***REMOVED***까지 분양한 아파트 1순위 청약경쟁률 상위 10개 단지 중 4개 단지가 정비사업 단지였다. 특히 서울 서초구 '메이플자이(442.32대 1***REMOVED***', 서울 서대문구 '경희궁유보라(124.37대 1***REMOVED***', 서울 강동구 '더샵둔촌포레(93.06대 1***REMOVED***' 등 청약경쟁률 최상위 3개 단지가 모두 정비사업 단지라는 점은 그 인기 정도를 더욱 실감케 한다.업계에서는 정비사업 단지의 인기가 당분간 지속될 것으로 내다보고 있다. 특히 최근 수도권 아파트 공급량이 지속적으로 감소함에 따라 높은 희소성까지 더해지고 있다는 평가다. 실제 최근 정비사업장 곳곳에서 공사가 지연되는가 하면 정비사업의 시공사 선정이 유찰을 거듭하고 있다. 심지어 기존 시공사와 시공계약을 해지하는 곳들도 나오고 있어 새 아파트 희소성은 더욱 높아질 것으로 분석된다.부동산114 자료를 분석하면, 수도권 분양물량은 △2020년 20만970가구 △2021년 18만1,673가구 △2022년 18만364가구 △2023년 12만5,519가구로 지난 2020년 이후 지난해까지 감소세가 극명하다.업계 전문가는 ""우수한 인프라와 높은 미래가치를 바탕으로 인기를 끌던 수도권 정비사업 단지가 최근 고금리, 고물가, 고환율 등 이른바 3고의 장기화로 인한 공급 여건 악화라는 시장 상황까지 더해지며 가치가 더욱 높아졌다""며 ""당분간 시장 상황 개선 여지가 적은 만큼 분양이 확정된 단지들은 추가 상승 여력도 높아 쏠림현상이 심화될 것으로 예상된다""고 말했다.이 가운데, 경기 성남시 도심에서 정비사업 단지가 주목할 만하다. 효성중공업·진흥기업이 경기 성남시 중원구 중앙동 일원에 건립하는 '해링턴 스퀘어 신흥역'이 주인공이다.'해링턴 스퀘어 신흥역'은 중1구역 도시환경정비사업을 통해 공급되며 지하 4층~지상 최고 35층, 아파트 15개 동 1,972세대, 오피스텔 2개 동 240실 규모다. 이 중 아파트 전용면적 59~84㎡ 1,311세대, 오피스텔 전용면적 26~36㎡ 138실이 일반에 분양한다.단지는 차별화된 설계와 우수한 입지까지 겸비해 향후 일대 랜드마크 단지로 발전이 기대된다. 최고 35층, 약 2,000세대 규모의 대단지로 건립되어 규모부터 남다르다. 특히 단지는 신흥역 주변에서 가장 높이 건립될 예정으로 탁 트인 전망도 누릴 수 있다. 또한 남향 위주의 단지 배치와 4Bay 평면, 팬트리, 알파룸 등 면적과 타입에 따른 다양한 특화설계도 적용할 예정이다.여기에 경사 지대가 많은 성남 원도심 일대와 달리 완만한 평지에 자리하는 대단지 아파트라는 점도 차별화 요인이다. 게다가 주변으로 성남 도심 도시기능 회복과 노후 주거환경 개선을 위한 정비사업이 활발히 추진 중에 있어 사업 진행에 따른 정주여건 개선 및 미래가치 상승 기대감도 높다.교통환경도 뛰어나다. 단지는 서울 지하철 8호선 신흥역 초역세권이며, 특히 단지 지하를 통해 직통 연결(1블록***REMOVED***되어 역 진입이 수월하다. 또한 8호선을 통해 두 정거장이면 분당선 모란역으로 이동이 가능하며 분당선으로의 환승도 쉽다. 이를 통해 서울 강남까지 30분대, 여의도와 시청까지는 50분대 등으로 서울 주요 업무 지구를 1시간 이내로 이동이 가능하다.또한 단지 인근 경충대로, 여수대로를 통해 분당·수서간도시고속화도로, 수도권제1순환고속도로 등의 진입이 수월해 서울 주요 업무지구 및 수도권 전역으로의 이동도 매우 편리하다.추가 교통망 개선도 기대된다. GTX-A 성남역(지난 3월 개통***REMOVED*** 이용이 가능한 데다, 오는 9월 성남시가 지하철 8호선 연장 사업(총 3.86km, 모란역~판교역***REMOVED***에 대한 예비타당성 조사 대상 사업을 신청 예정으로 개통 시 판교 테크노밸리 출퇴근 여건도 좋아진다.교육환경도 우수하다. 도보권에 성남제일초(그린스마트스쿨 지정***REMOVED***가 있어 어린 자녀의 안전한 통학이 보장되며, 이외에도 동광중, 성일중, 성남고, 성일고, 풍생고 등 여러 학교가 밀집한 원스톱 학세권을 갖췄다. 또 인근에 조성된 학원가 이용도 수월하다.단지 지근거리에는 대원공원이 자리하며, 이 외에도 해오름공원, 성남제1공단근린공원도 위치해 있다. 또, 희망대공원의 경우 내부에 농구장, 배드민턴장, 테니스장, 족구장, 게이트볼장 등 다양한 체육 시설이 있어 여가를 보내기 쉽다.단지가 갖춘 생활 인프라도 훌륭하다. 직통 역세권 단지인 만큼 단지 내 스트리트몰에 풍성한 인프라가 형성될 전망이며, 바로 앞에는 롯데시네마(성남 중앙***REMOVED***를 비롯해 신흥역 인근에 조성된 상권 이용이 편하다. 성남시 의료원, 신흥3동행정복지센터, 성호시장, 성남종합운동장, 이마트(성남점***REMOVED***으로의 방문이 쉽고, 북측 위례신도시와 잠실 인프라도 이용 가능하다.한편 '해링턴 스퀘어 신흥역' 견본주택은 경기도 성남시 중원구 중앙동 일원에 마련된다. 연소연기자 dtyso@dt.co.kr",지연
https://www.obsnews.co.kr/news/articleView.html?idxno=1440927,5호선 연장안 이달 확정되나? 대광위 중재력 관건,[***REMOVED***,2024-05-09 20:12:39+09:00,"【앵커】

서울 지하철 5호선 연장 최종안이 예정대로라면 이번 달 확정됩니다.

하지만 인천시와 김포시는 여전히 입장이 엇갈리고 있어 이번 달에 결과가 나올지는 미지수입니다.

황정환 기자입니다.

【기자】

올 1월 5호선 연장 조정안을 발표한 대도시권광역교통위원회.

인천 검단에 2개 역이 생기고 논의됐던 불로역은 김포 감정동으로 바뀌었습니다.

총 10개 정거장이 생기고 25.6분이 걸립니다.

인천시는 검단의 원당사거리역과 불로역 추가 설치를 주장합니다.

두 개 역이 빠지면 검단 계획인구 21만 명 중 수 만명이 혜택을 누리기 어렵다는 것.

[김준성/인천시 교통국장:일반 철도 같은 경우 굉장히 구부러진 형태를 볼 수 있습니다. 왜 그럴까요? 그만큼 수요를 시민들을 더 많이 태우기 위한 일환이거든요. ***REMOVED***

김포시는 주민 요구로 풍무2역 등 3개 역을 설치해야 한다고 주장했습니다.

중재안을 만족하는 것은 아니지만 하루라도 빠른 사업 진행을 위해 수용하겠다는 입장입니다.

[서승수/김포시 철도과장: 최종적으로는 저희는 역사를 추가해서 인천시하고 어떤 딜을 하는 게 아니라 최종 중재안이라도 빨리 추진하면 좋다….***REMOVED***

【스탠딩】

대광위가 중재안을 발표한지 석달이 지났지만 인천시와 김포시 갈등은 좀처럼 사그라들지 않고 있습니다.

5호선 연장안을 학정하려면 관건은 대광위 중재력입니다.

중재안 발표 이후 대광위-인천시-김포시 3자가 만나 논의한 적은 아직까지 없습니다.

대광위는 지자체가 제출한 의견서를 토대로 기술 검토에 나섰습니다.

도출안이 나오면 조만간 3자가 만나 논의할 가능성도 제기됩니다.

다만 지자체 합의가 불발될 경우 사업이 지연될 가능성도 배제할 수 없습니다.

OBS뉴스 황정환입니다.

<영상취재: 김영길 영상편집: 유영석>",지연
https://www.korea.kr/news/reporterView.do?newsId=148928909&call_from=naver_news,"대중교통, 난 K-패스로 통한다!",[***REMOVED***,2024-05-08 14:50:00+00:00,"여행

청정하고도 청량한 비밀의 화원, 양구수목원 청정하고도 청량한 비밀의 화원, 양구수목원 대한민국 최북단 수목원인 양구수목원으로 향하는 길, 마치 비밀의 화원을 찾아가는 기분이다. 농도가 다른 초록빛이 켜켜이 쌓인 풍경을 눈에 담고 호젓한 시골길을 얼마나 달렸을까. 원시 자연이 살아 숨 쉬는 대암산 해발 450m 자락에 위치한 양구수목원이 등장한다. 나만 알고 싶은 비밀의 화원 같은 양구수목원. 상쾌한 구상나무 탐방로부터 신나는 어린이 놀이터까지 차를 타고 왔다면 따로 내릴 필요 없이 드라이브 스루 방식으로 매표소에서 입장권을 구매한 후 곧장 관람객 주차장까지 이동한다. 짧은 거리지만 저수지와 산이 아름답게 펼쳐져 상쾌한 드라이브를 즐길 수 있다. 수목원 입구에서 만나는 저수지가 운치 있다. 가볍게 걷기 좋은 구상나무 모롱잇길. 주차장에 차를 세우면 짙푸른 구상나무와 알록달록한 바람개비가 줄지어 선 탐방로가 눈에 들어온다. 수목원 탐방의 시작점인 구상나무 모롱잇길이다. 우리나라 고유종인 구상나무는 크리스마스트리로 널리 사랑받는데 따끔거리는 솔잎과 달리 보드라운 잎이 인상적이다. 구상나무가 울창한 이 길은 경사가 완만해 편안하게 걷기 좋으며 오전 11시경 방문하면 피톤치드 효과가 가장 뛰어나다고. 동화 같은 분위기의 피크닉광장. 사진 찍기 좋은 포인트가 곳곳에 있다. 구상나무 모롱잇길을 따라 피크닉광장과 우주과학체험장이 이어진다. 졸졸졸 개울물이 흐르는 피크닉광장은 앙증맞은 버섯 모양 조형물이 군데군데 자리해 마치 동화 속 숲을 연상케 한다. 돌다리, 그네 등 아기자기한 요소가 포인트를 살려 인증 사진 남기기에도 좋다. 아이와 함께라면 흥미진진한 놀이 시설을 갖춘 우주과학체험장을 그냥 지나칠 수 없다. 해먹 흔들 놀이대, 트램펄린, 미끄럼틀 등 아이들에게 즐거움을 주는 놀잇감이 다양하다. 아이들이 좋아하는 우주과학체험장. 초롱다리 너머 펼쳐지는 수목원의 하이라이트 구상나무 모롱잇길 끝 초롱다리를 건너면 숲으로 올라가는 계단이 나온다. 여기서부터가 양구수목원의 하이라이트라 할 수 있다. 나무계단 위쪽으로 수목원의 보물 같은 공간인 음지식물원이 숨어 있다. 비밀의 숲이라고도 불리는 이곳에는 복수초, 노루귀, 얼레지, 금강초롱 등 철 따라 귀한 야생화가 피어오른다. 사부작사부작 조심스레 발걸음을 떼며 자연이 선사하는 고귀한 찰나에 집중해보자. 초롱다리를 건너 숲으로 들어선다. 각종 야생화를 볼 수 있는 비밀의 숲. 나머지 계단을 오르면 야생화정원과 습지원이 눈 앞에 펼쳐진다. 누구나 편하게 걷기 좋은 무장애나눔길이 조성되어 있는데 잣나무가 우거져 상쾌한 기운이 가득하다. 잣나무 숲속에는 나무 그네, 그물망 해먹, 트리 하우스 등을 갖춘 유아숲체험원이 자리해 아이들이 좋아한다. 유아숲체험 지도사와 함께 자연을 관찰하고 체험하는 유아숲 프로그램도 운영하니 5~7세 아이를 둔 가족이라면 참고하도록. 무장애나눔길에서 만나는 트리 하우스. 잣나무 숲에 조성한 유아숲체험원. 산으로 둘러싸인 야생화정원에는 원추리, 비비추, 산수국, 매발톱, 으아리 등 갖가지 꽃이 시기별로 피고 지며 풍경에 변화를 준다. 우리나라에서만 자라는 희귀 약초로 알려진 개느삼 서식지도 야생화정원 한쪽에 위치한다. 5월 무렵이면 개느삼이 노랑나비 같은 어여쁜 꽃을 피운다니 눈여겨 살펴볼 일이다. 천천히 야생화를 구경한 후에는 정원이 한눈에 내다보이는 포토존에서 기념사진을 남겨보자. 기념사진 남기기 좋은 포토존. 분재원, 생태관에 사계절 썰매장까지 수목원 탐방은 여기서 끝이 아니다. DMZ야생화분재원, DMZ야생동물생태관, 목재문화체험관까지 둘러봐야 한다. DMZ야생화분재원은 DMZ 인근 남한 최북단에 서식하는 북방계 식물과 희귀 자생식물을 보존하고 증식하기 위해 자연 그대로의 모습을 분재 형태로 재현한 공간으로 전국의 다양한 분재를 함께 전시한다. 분재를 전시한 온실 해암정, 저수지와 분재원이 한눈에 내다보이는 정자 유람정 등 테마별 공간을 짜임새 있게 구성했다. 온실, 정자 등이 어우러진 DMZ야생화분재원. 아이들과 방문하기 좋은 DMZ야생동물생태관. 아이 동반 방문객에게는 DMZ 접경 지역의 동식물에 대해 배우고 거북이나 열대어를 관찰하는 DMZ야생동물생태관과 목공예 체험실 및 놀이터, 도서관 등을 갖춘 목재문화체험관을 추천한다. 지난해 문을 연 사계절 썰매장도 빼놓을 수 없다. 계절에 상관없이 무료로 썰매를 탈 수 있어 인기가 많다. 목공예 체험 프로그램이 진행되는 목재문화체험관. 목재문화체험관 내 놀이 공간. 지금 양구수목원을 방문하면 튤립이 만발해 더욱 아름답다. 4월 27일부터 5월 12일까지 양구수목원과 함께하는 튤립여행 행사를 열고 주말에는 마술 쇼, 보물찾기 같은 프로그램도 진행한다. 개화 시기에 따라 행사 일정이 변동될 수 있다는 점 참고하자. 보에는 화사한 튤립도 구경할 수 있다. 아기자기한 볼거리가 가득한 양구수목원. 양구의 재발견, 양구백자박물관 백자와 인연이 깊은 방산면에 자리한 양구백자박물관. 양구수목원에 이어 양구의 매력을 재발견하게 되는 또 하나의 공간이 있으니, 바로 양구백자박물관이다. 양구백자박물관이 자리한 방산면은 백자와 인연이 깊다. 이성계가 조선 건국의 염원을 담아 금강산에 묻었다는 이성계 발원 사리장엄구(보물***REMOVED*** 중 백자에 방산자기장 심룡이라는 기록이 남아 있다. 이를 통해 고려 말기부터 이미 양구 방산면에서 백자가 제작됐음을 알 수 있다. 방산면은 백자의 주요 원료인 백토 주산지로도 유명한데, 양구백토는 그 품질이 뛰어나 조선왕실 백자를 만들던 경기도 광주 분원에 원료로 공급됐다고 전한다. 다양한 백자를 관람할 수 있다. 오랜 세월 백토와 백자 생산지로 중요한 역할을 담당해온 양구 방산면의 자부심을 담아낸 박물관은 실내외 공간이 아름답게 조화를 이룬다. 메인 건물인 전시관에서부터 관람이 시작되는데 양구백자실, 현대백자실, 영상실, 기획전시실, 수장고 등을 돌아보게 된다. 양구백토와 양구백자의 역사에 대한 체계적이고도 입체적인 전시가 이뤄져 관람하는 내내 지루하지 않다. 양구백토로 만든 1,000점의 작품을 전시한 코너. 전시관의 하이라이트는 양구백토, 천 개의 빛이 되다 코너. 도예가 1,000명이 양구백토로 제작한 개성 넘치는 작품 1,000점이 한 데 모여 웅장한 전시를 완성한다. 맞은편에 설치된 인터렉티브 미디어 월을 터치하면 개개의 작품을 자세히 살펴볼 수 있다. 파노라마식 대형 스크린에 양구백자에 대한 이야기를 입체적으로 풀어내는 영상실과 개방형으로 운영되는 수장고도 보는 맛을 더한다. 양구백자에 대한 이야기를 담아낸 영상이 흥미롭다. 2022 대한민국 공공건축상 대상을 받은 이력에 걸맞게 전시 내용만큼 공간도 빛난다. 반구형 천장에서 스며드는 자연광, 흙의 느낌을 닮은 외장재 등 전시관을 돋보이게 하는 요소가 곳곳에 숨어 있다. 무엇보다 건물 가운데에 숨겨 놓은 중정 아치 회랑이 압권이다. 회랑은 전시관 안에서 창 너머 바라볼 때와 밖에서 직접 감상할 때, 다른 감성으로 한결같은 감동을 자아낸다. 공간미가 돋보이는 아치 회랑. 나만의 도자기를 만들어보는 체험 프로그램을 운영한다. 전시 관람 후에는 체험관, 카페, 야외 공간도 둘러보자. 물레로 도자기 빚기, 도자기에 그림 그리기 등 체험 프로그램을 이용하거나 도자기를 주제로 한 각종 조형물을 구경하며 산책을 즐겨도 좋다. 산책하며 쉬어가기 좋은 야외 공간. 여행정보 양구수목원 - 주소 : 강원특별자치도 양구군 동면 숨골로310번길 132- 문의 : 033-480-7391- 이용시간 : 하절기 09:00~18:00, 동절기 09:00~17:00 / 월요일(월요일이 공휴일이면 정상 개관***REMOVED***, 1월 1일 휴관- 요금 : 19~64세 6000원(양구사랑상품권 3000원 환급***REMOVED***, 7~18세 3000원- 홈페이지 : www.yg-eco.kr양구백자박물관 - 주소 : 강원특별자치도 양구군 방산면 평화로 5182- 문의 : 033-480-7238- 이용시간 : 10:00~18:00 / 월요일(월요일이 공휴일이면 정상 개관***REMOVED***, 1월 1일, 설날·추석 오전 휴관- 요금 : 8~64세 3000원(양구사랑상품권 3000원 환급***REMOVED***- 홈페이지 : www.yanggum.or.kr 출처 : 대한민국 구석구석 SNS 글·사진 : 김수진(여행작가***REMOVED*** ＊ 위 정보는 변경될 수 있으니 여행하시기 전에 반드시 확인하시기 바랍니다.",지연
http://www.sisajournal.com/news/articleView.html?idxno=289690,“분양가 내릴 기미 안 보여”…무순위·입주권 찾는 수요자들,[***REMOVED***,2024-05-07 12:00:00+09:00,"글씨키우기 글씨줄이기 프린트 top

facebook twitter kakao story naver band share

분양가 3.3㎡당 4000만원 시대 목전…고분양가 단지도 재평가

입주권 수억원 웃돈…무순위 청약 ‘구름 인파’ 몰려

서울 아파트 실수요자들이 신축 단지와 입주권, 무순위 청약 등에 몰리고 있다. 분양가 상승세가 이어지자 관망하던 실수요자들이 기존 단지로 발길을 돌린 것으로 풀이된다. 신규 정비사업이 차질을 빚고 있는 데다 입주 물량이 적다는 점도 신축에 대한 관심을 높인 요인이다.

주택도시보증공사(HUG***REMOVED***에 따르면, 서울 민간아파트 분양가는 지난 3월 3.3㎡당 3800만원을 돌파했다. 1년 전 3067만원보다 24% 오른 금액이다. 자재값과 인건비, 금융비 등 전반적인 건설 비용이 오른 영향이다. 사업자가 공사비 급등으로 낮아진 사업성을 보완하기 위해 분양가를 대폭 올린 것이다.

5월1일 오전 경기 고양시 덕양구 대덕산로20 DMC 한강자이 더 헤리티지 아파트 전경 ⓒ시사저널 박정훈

건설 비용 상승에 분양가 고공행진

3.3㎡당 분양가 4000만원 시대도 곧 열릴 전망이다. 서울 지하철 3호선 무악재역 인근 서대문구 홍제3구역 재건축조합은 최근 공사비 변동에 따른 분양가 추정치를 공개했다. 3.3㎡ 공사비는 2020년 계약 당시 512만원이었지만 최근 784만원으로 추정됐다. 이로 인해 일반분양가는 3.3㎡당 3000만원대에서 4250만원대로 42% 뛰었다. ‘국민평형’으로 불리는 전용면적 84㎡의 분양가는 15억원에 육박한다.

조합이 공개한 분양가는 인근 신축 단지보다 최대 5억원가량 비싼 금액이다. 2022년 10월 입주한 ‘서대문푸르지오센트럴파크’는 전용 84㎡가 올해 들어 10억~13억원에 거래됐다. ‘홍제역해링턴플레이스’(2021년 12월 입주***REMOVED***에선 같은 평형대에서 지난달 13억300만원(7층***REMOVED***에 손바뀜이 이뤄졌다. ‘홍제센트럴아이파크’(2020년 입주***REMOVED***도 전용 84㎡ 가격대가 10억∼11억원 선이다.

올해도 공사비 상승세가 계속되고 있어 분양가는 더 오를 가능성이 높다. 시장에서는 노도강(노원·도봉·강북***REMOVED***과 금관구(금천·관악·구로***REMOVED***, 은평구 정도를 제외하고 3.3㎡당 분양가 4000만원이 보편화될 것이란 관측이 나온다.

분양가가 하루가 다르게 치솟으면서 실수요자들은 기존 입주권으로 눈을 돌리는 모양새다. 서울 재건축 최대어로 불리는 서울 강동구 둔촌동 ‘올림픽파크포레온’(둔촌주공 재건축***REMOVED***에선 전용 84㎡ 입주권이 지난달 21억원(18층***REMOVED***에 거래됐다. 지난달 초만 해도 16억원대에 머물렀지만 꾸준히 상승해 올해 20억원을 넘겼다. 분양가가 12억~13억원이었다는 점을 고려하면 웃돈이 7억원가량 붙은 셈이다.

올림픽파크포레온은 2022년 분양 당시만 하더라도 고분양가 논란이 빚어지며 무더기 미분양 사태를 겪은 단지다. 일반공급 4786가구 가운데 899가구가 지난해 무순위 청약으로 나왔다. 일각에선 ‘마이너스 프리미엄’(마피***REMOVED***이 붙을 것이라는 예측까지 나온 바 있다. 한 분양업계 관계자는 “입주권은 조합원 지위를 양도받는 것으로 입주 시점에 억대 추가 분담금을 내야 할 수도 있다”며 “그럼에도 수억원 웃돈을 주고 사는 건 분양가 상승에 대한 우려가 반영된 것으로 풀이된다”고 말했다.

신축 아파트 단지 매매가도 강세다. 서울 중구 ‘힐스테이트세운센트럴2단지’(329가구***REMOVED*** 전용 49㎡는 지난달 9억9000만원(25층***REMOVED***에 신고가를 새로 썼다. 지난해 3월 준공 당시 8억원대에 거래됐는데 1년 새 2억원가량 오른 셈이다. 마포구 마포더클래시(1419가구***REMOVED*** 전용 59㎡ 역시 지난 3월 13억9500만원(12층***REMOVED***에 최고가를 갈아치웠다. 지난 1월 입주 당시 실거래가(12억5500만원·21층***REMOVED*** 대비 1억4500만원 올랐다.

이른바 ‘줍줍’이라 불리는 무순위 청약에도 구름인파가 몰리고 있다. 서울 강동구 ‘더샵 둔촌포레’는 4월22일 무순위 청약 전용 84㎡ A형 14가구 모집에 2만1429명이 접수해 1531대 1의 평균 경쟁률을 기록했다. 시세차익 기대감에 수요가 몰린 것으로 풀이된다. 이번에 무순위 청약으로 나온 전용 84㎡ A형 분양가는 12억~13억원 수준이다. 도보 5분 거리 올림픽파크포레온 입주권과 비교하면 7억원가량 저렴하다. 단지 규모와 입지에서 차이가 있지만 시세차익이 5억~6억원가량 될 수 있다는 관측이 나온다.

지난해 고분양가 논란이 일었던 서울 동작구 ‘상도 푸르지오 클라베뉴’도 지난달 4차 무순위 청약 68가구 모집에 5122명이 신청해 평균 경쟁률 75.3대 1을 기록했다. 3차 무순위 청약에서 197가구 모집에 291명이 접수하는 데 그쳤지만 이번에 5000명 넘게 몰리면서 분위기가 사뭇 달라졌다. 이곳은 지난해 9월 분양 당시 전용 84㎡ 분양가가 12억~13억원대로 책정됐다. 인근 역세권 신축 단지인 ‘상도역 롯데캐슬 파크엘’ 시세보다 1억~2억원가량 비싸 고분양가 논란에 휩싸였다. 이로 인해 반년이 지나도록 잔여 물량을 터는 데 어려움을 겪었다. 하지만 최근 분양가 상승으로 인해 재평가를 받는 모양새다.

입주 물량 역대 최저…신축 선점 나서기도

분양가 상승과 함께 입주 물량도 크게 줄어 신축 단지 몸값이 더욱 높아질 것이란 관측이다. 부동산R114에 따르면, 올해 서울 아파트 입주 예정 물량은 2만4139가구다. 2013년(2만751가구***REMOVED*** 이후 11년 만에 가장 낮은 수준이다. 1만2000여 가구 대단지인 올림픽파크포레온을 제외하면 역대 최저치다. 입주 물량 추이를 가늠할 수 있는 주택 인허가 수치도 감소 추세다. 인허가 실적은 지난해 2만5567건이었다. 직전연도(4만2724건***REMOVED*** 대비 40% 이상 급감했다.

서울의 주요 주택 공급 통로인 정비사업이 위축되고 있다는 점도 새 아파트에 대한 희소성을 키우는 요인이다. 최근 재개발·재건축 현장 곳곳에선 공사비 인상 문제로 사업이 지연되거나 공사가 중단되는 사례도 있다. 치솟은 추가 분담금에 주민들이 부담을 느끼면서 사업 추진 동력도 크게 떨어졌다. 또한 건설사들이 선별 수주에 나서면서 오랜 기간 시공사를 찾지 못하는 사업장도 적지 않다.

권대중 서강대 일반대학원 부동산학과 교수는 “서울의 유일한 주택 공급 통로인 재개발·재건축 사업의 불확실성이 커지면서 기존 신축 아파트를 선점하려는 움직임이 활발하진 모양새다”며 “분양가 인상이 이제 시작이니만큼 신축은 물론 분양·입주권, 무순위 청약 등에 대한 관심은 더욱 높아질 전망”이라고 말했다.

저작권자 © 시사저널 무단전재 및 재배포 금지",지연
http://www.hansbiz.co.kr/news/articleView.html?idxno=692267,“하남시-강동구 9호선 연장하라!”...경기도에 일반열차 연장 운행 및 조속개통 공동 건의문 제출,[***REMOVED***,2024-05-03 16:10:00+09:00,"내용요약 9호선 현안 해결을 위한‘강동·하남 공동대응 협력 T/F 추진단’구성

강동하남남양주선 노선도. 경기 하남시와 서울 강동구가 9호선 4단계 추가 연장 구간인 ‘강동하남남양주선’ 현안 해결을 위해 맞손을 잡았다./ 하남시 제공

[한스경제=(하남***REMOVED***김두일 기자***REMOVED*** 경기 하남시와 서울 강동구가 9호선 4단계 추가 연장 구간인 ‘강동하남남양주선’ 현안 해결을 위해 맞손을 잡았다.

하남시와 강동구는 지난달 30일 「9호선 연장(이하 강동하남 남양주선***REMOVED*** 건설사업」의 주요 현안인 ‘일반열차 연장 운행, 강일~미사 조속개통’해결을 촉구하는 공동건의문을 경기도에 제출했다고 밝혔다.

이에 앞서 하남시와 강동구는 지난달 29일 강동하남남양주선 건설사업 공동대응 협력 T/F 추진단을 구성했다.

경기도 주관으로 추진 중인 강동하남남양주선은 서울 지하철 9호선을 강동구 강일동에서 하남시 및 남양주시까지 연결하는 철도 건설사업이다.

이 사업이 완료되면 서울·경기권의 주민들의 대중교통 편의성이 높아질 것이 예상된다.

이와 관련해 지난달 개최된 공청회와 주민설명회에서 하남시와 강동구 주민들은 9호선 연장에 대한 기대와 함께 9호선 이용객으로 인한 혼잡을 우려한 목소리를 냈다.

공청회에 참석한 철도 전문가 역시 하루 이용 수요가 4만 명이 넘는 944정거장(하남***REMOVED*** 및 946, 947정거장(남양주시***REMOVED***은 급행열차와 일반 열차 의 동시 운영이 필요하다는 의견을 제시했다.

강동하남남양주선의 열차 운영계획에 따르면, 현재 건설 공사가 진행 중인 9호선 4단계의 종착역인 942정거장까지만 일반열차를 운영하되고, 이후 구간인 ‘943정거장(강일동***REMOVED***’부터 ‘950정거장 (남양주시***REMOVED***’까지는 급행열차만 운영된다.

이는 모든 이용객의 급행열차로 집중은 물론 이용객이 몰리는 첨두 시간대 혼잡으로 이용자의 불편이 가중될 것이란 전망이다.

이에 따라 하남시와 강동구는 지난달 4월 29일‘강동하남남양주선 관련 강동·하남 공동대응 협력 T/F 추진단’을 정식으로 구성했다.

주요 요구사항은 943·944정거장의 일 평균 이용 수요 약 6만 5천 명을 분산시키기 위한 944정거장까지의 일반열차 연장 운영 등 열차 혼잡 해소 대책 마련과 통합 공구 추진 및 조속 개통 등 조속한 사업 추진 등이다.

이현재 하남시장은 “강일~ 미사 구간은 2016년에 이미 제3차 국가철도망에 반영 되었음에도 불구하고, 이후 왕숙지구 공공주택 지구 지정으로 사업이 지연되어 미사강변신도시 주민들이 교통 불편을 겪고 있다”면서 “공동 T/F 추진단 구성을 필두로 944정거장 까지의 일반열차 연장 및 조속 개통과 더불어 마을·시내버스 등 대중 교통 연계에도 노력을 아끼지 않을 것”이라고 말했다.

한편, 하남시와 강동구는 서울시에도 공동건의문을 제출할 예정이며, 사업 주관인 경기도를 비롯한 각 관계기관에 적극적으로 하남·강동의 의견을 개진하여 강동하남남양주선 기본계획 및 실시설계에 944 정거장 일반열차 연장 등이 반영될 수 있도록 노력하겠다고 밝혔다.

김두일 기자 tuilkim@naver.com",지연
https://www.asiatime.co.kr/article/20240502500403,[증권소식***REMOVED*** 작년 증권사 해외법인 순익 1814억원…전년비 11% 증가,[***REMOVED***,2024-05-02 00:00:00,"advertisement

[아시아타임즈=김지호 기자***REMOVED*** ◆ 작년 증권사 해외 현지법인 순이익이 기업금융(IB***REMOVED*** 및 트레이딩 부문 이익 증가로 소폭 증가했다.

동남아 지역을 중심으로 한 영업이 이어지는 가운데 선진국 및 신흥국에 점포를 신설하는 등 진출 지역이 다변화하는 추세도 나타나고 있다.

금융감독원은 작년 말 기준 14개 증권사가 15개국에 진출해 현지법인 63곳, 사무소 10곳 등 73곳 해외점포를 운영 중이라고 2일 밝혔다.

advertisement

advertisement

국가별로는 중국·인도네시아·베트남 등 아시아지역 54개(74.0%***REMOVED***, 미국 12개(16.4%***REMOVED***, 영국 5개, 그리스 1개, 브라질 1개 등 순이었다.

최근 5년간 동남아 지역 비중이 가장 컸다. 중국·홍콩 비중이 감소하고 미국·유럽 외 아시아 외 비중은 증가하는 추세도 나타나고 있다.

14개 증권사가 설치한 해외현지법인 63곳(시장조사 목적의 10개 사무소 제외***REMOVED***의 순이익이 1841억원으로 전년 대비 11.0% 증가했다. 작년 인수금융이나 채권중개 부문 이익이 증가한 영향이다.

작년 말 기준 증권사 현지법인 자산총계는 48조9000억원으로 전년 말보다 13조1000억원(36.5%***REMOVED*** 증가했다. 이는 이들 해외 현지법인을 두고 있는 증권사 14곳 자산총계의 11.3% 수준이다.

미국 등 주요국 현지법인 영업 규모가 확대되면서 총자산이 크게 증가한 것으로 분석됐다.

현지법인 자기자본은 전년 대비 1.9% 늘어난 9조9000억원으로, 해당 증권사 자기자본의 16.5% 수준이었다.

금감원은 ""동남아 지역을 중심으로 현지 위탁매매 영업에 초점을 둔 해외 진출이 꾸준히 확대되고 있다""며 ""다만 최근에는 미국·유럽 등 선진국에 점포를 신설하고 향후 인도 등 신흥국 시장 진출을 모색하는 등 진출 지역이 다변화되는 추세""라고 평가했다.

그러면서 ""최근 금리 인하 기대감 약화, 지정학적 리스크 확대 등 대외 변동성 확대로 해외점포의 영업 불확실성이 증가하는 만큼 해외 현지법인 손익변동성 확대 위험 등 잠재 리스크를 상시 모니터링 하겠다""고 덧붙였다.

◆ 국민연금기금운용위원회(기금위***REMOVED***는 2일 자산 배분체계를 단순화한 '기준 포트폴리오'를 새롭게 도입하고, 위험자산 투자 비중을 65% 수준에 맞추겠다고 2일 밝혔다.

기금위는 이날 '2024년 제3차 국민연금기금운용위원회'를 열고 기준포트폴리오 도입 방안을 심의·의결했다. 기준 포트폴리오는 수익률과 위험군을 주식, 채권 등 단순한 자산군의 조합으로 나타낸 포트폴리오다.

그간 국민연금은 5년 단위 중기 전략적 자산배분(SAA***REMOVED***을 통해 국내주식, 해외주식, 국내채권, 해외채권, 대체투자 등 자산별 비중 등을 설정했다. 이러한 체계는 신규 상품이 상시로 등장하는 최근 시장 변화에 대응하는 데 한계가 있었다.

이에 기금위는 자산 배분체계를 위험자산(주식***REMOVED***, 안전자산(채권***REMOVED*** 등으로 단순화한 기준 포트폴리오를 도입하기로 했다.

아울러 기금위는 위험자산 투자 비중을 전체 기금의 65% 수준으로 맞추기로 했다고 밝혔다. 작년 말 기준 국민연금의 위험자산 투자 비중은 약 56% 수준이었는데, 이를 65%까지 비중을 높이겠다는 것이다.

기금위는 ""기금은 전략적 자산배분 시 위험자산 65%를 준수해 나갈 예정""이라며 ""위험자산 비중 내에서 다양한 유형의 대체자산을 신속히 투자해 수익률 제고도 기대할 수 있게 됐다""고 밝혔다.

조규홍 보건복지부 장관은 ""향후 새로운 자산 배분체계가 성공적으로 안착하도록 하고, 우수인력 확보 및 투자환경 개선 등 운용 인프라 확충을 위해 노력해나갈 것""이라 밝혔다.

◆ 삼일PwC는 지난달 30일 서울 용산구 본사에서 바이오·헬스케어 기업을 대상으로 '성공적인 M&A(기업 인수·합병***REMOVED***를 위한 핵심전략' 세미나를 개최했다고 2일 밝혔다.

이번 세미나는 삼일PwC가 한국바이오협회와 M&A 활성화 지원을 위한 업무협약을 체결한 이후 첫 행사로, 바이오·헬스케어 기업의 M&A절차와 고려사항 및 전략 등을 공유하기 위해 마련됐다. 세미나에는 업계 관계자 130여 명이 참석했다.

사진=삼일PwC

advertisement

이도신 삼일PwC 유니콘지원센터장(파트너***REMOVED***는 개회사를 통해 ""국내 바이오 기업들은 2022년 하반기 이후 기업공개(IPO***REMOVED*** 시장이 급속도로 냉각되면서 새로운 출구 전략이자 필수 경영 전략으로써 M&A를 적극 활용할 것으로 기대된다""며 ""특히 바이오·헬스케어 산업의 M&A는 지적재산권 검토, 규제 및 인가 파악, 기업 가치 평가 등 장애요소가 많은 만큼 경험과 전문성을 가진 전문가의 도움이 필요하다""고 말했다.

첫 번째 연사로 나선 이상규 딜 부문 이사는 '바이오·헬스케어 산업 M&A 동향 및 전략'을 발표하며 △연구개발(R&D***REMOVED*** 파이프라인 보강 △경영효율화를 통한 포트폴리오 최적화 △디지털 혁신 등 세 가지 방향의 M&A 전략을 제시했다. 이 이사는 ""올 한 해 바이오·헬스케어 분야에서는 거대 제약사(빅파마***REMOVED***가 약가 인하 위협, 특허 만료 등으로 인한 매출 감소로 신규 성장동력을 모색해 M&A 시장을 주도할 것으로 예상된다""며 ""반면 중소업체들은 자금조달 악화로 인한 임상 지연으로 기업 가치가 떨어지며 인수 매력도가 높아질 것""으로 전망했다.

두 번째 세션에서는 윤창범 딜 부문 파트너가 '바이오·헬스케어 기업 가치평가의 특징 및 접근방법'이란 주제로 기업의 가치평가 시 고려할 사항에 대해 이론과 실제 사례를 토대로 발표했다. 세션에서는 기업가치의 개념과 구성을 비롯해 바이오 기업의 가치 추정을 위한 접근법, 초기 기업 및 기타 신약개발 사업에 대한 평가 등이 상세히 설명됐다.

윤 파트너는 ""바이오·헬스케어 분야는 임상이라는 절차적 과정이 개입되기 때문에 가치 추정이 어렵지만, 연령대별 인구, 유병률, 유효 수요 등의 데이터를 통해 예상 매출액을 산출할 만큼 산업분석 과정이 중요한 분야""라며 ""여러 대체재의 위협이 존재한다면 이런 위험 요소를 사전 분석하는 것도 리스크를 줄일 수 있는 방법""이라고 조언했다.

세 번째 세션에서는 진병국 택스 부문 파트너가 'M&A 관련 세무' 주제로 발표했다. 이 세션에서는 M&A 시 발생할 수 있는 세무 이슈 및 스타트업의 최근 과세 이슈 등이 구체적으로 다뤄졌다.

진 파트너는 ""미래가치를 현재 가치로 환산하는 현금흐름할인법(DCF***REMOVED***은 바이오 기업에서 가장 많이 활용되지만 세법상의 평가 가치 사이에 괴리가 커 어려움에 봉착할 수 있다""며 ""목적별로 가치 평가 방법이 다르기 때문에 이 부분을 숙지할 필요가 있다""고 강조했다.

이승규 한국바이오협회 부회장은 폐회사를 통해 ""바이오산업이 다각화되고 성숙해지면서 M&A의 중요성이 점점 커질 것으로 예상된다""며 ""이번 세미나를 시작으로 바이오기업의 혁신과 성장을 견인하는 주요 동력으로서 M&A를 적극 지원하고, 산업계 성장으로 이어질 수 있도록 노력하겠다""고 말했다.

한편 이날 세미나가 끝난 후에는 일부 바이오·헬스케어 기업 관계자와 삼일PwC 전문가의 1대1 현장 컨설팅이 진행됐다.

◆ 부동산신탁사 책임준공 기한을 이미 지나거나 임박한 사업장 규모가 2조7000억원에 달한다는 추산이 나왔다.

나이스신용평가는 2일 '부동산신탁사 책임준공형 관리형 토지신탁 리스크 점검-책임준공 기한 경과 사업장 증가세 이대로 괜찮은가' 보고서에서 이같이 추산했다.

구체적으로 나신평은 책임준공 기한을 지난 사업장 관련 프로젝트파이낸싱(PF***REMOVED*** 규모를 1조9000억원, 6개월 이내 부동산신탁사 책임준공 기한이 도래하면서 동시에 예정 공정률 대비 실제 공정률 차이가 10% 이상 차이 나는 사업장은 8000억원으로 추정했다.

부동산신탁사 책임준공형 관리형 토지신탁은 시공사 부도 등의 사유로 책임준공이 어려워지더라도 부동산신탁사가 대체 시공사를 선정해 시공사 책임준공 기한보다 일반적으로 6개월이 추가된 기한 내 책임준공을 제공하는 것을 말한다.

이에 대해 나신평은 자사가 평가하는 7개사를 기준으로 ""책임준공형 관리형 토지신탁 시공사는 대부분 중소형 건설사로 재무 안정성이 열위하다""며 ""시공 능력순위(토목건축 기준***REMOVED***는 100위권 밖 건설사가 83.8%를 차지하고 있다""고 설명했다.

특히 ""2023년 당기순손실을 기록한 시공사는 30%를 상회하며, 부채비율 300%가 넘는 시공사의 비중도 20%를 상회한다""고 지적했다.

나신평은 ""최근 리스크 관리 기조가 강화되고 정상 사업장이 완공되면서 부동산신탁사들의 책임준공형 관리형 토지신탁 관련 익스포저(위험 노출액***REMOVED***가 감소하고 있다""고 전제했다.

그러나 ""자기자본 대비 여전히 과도한 익스포저 수준과 시공사 관련 위험, 부실 사업장의 장기화 가능성, 부동산 시장의 회복 지연 등을 고려할 때 책임준공형 관리형 토지신탁 관련 위험이 의미 있게 축소됐다고 판단하기 어렵다""고 말했다.

그러면서 ""시공사의 실적 및 재무구조 저하, 유동성 위험이 상승함에 따라 부동산신탁사 책임준공형 관리형 토지신탁 사업장의 시공사 교체 및 책임준공 기한 경과 사업장 증가에 유의한 영향을 미칠 것""이라고 전망했다.

◆ 임플란트 판매 순위 글로벌 1위 기업인 오스템임플란트가 브라질 덴탈 임플란트 시장 점유율 3위(2022년 기준***REMOVED***인 '임플라실 드 보르톨리(Implacil de Bortoli***REMOVED***'를 전격 인수했다. 가장 빠른 성장률을 보이는 시장 중 하나인 브라질 및 남미를 공략하기 위한 전략적 행보로 풀이된다.

2일 투자은행(IB***REMOVED*** 업계에 따르면 오스템임플란트는 지난달 13일 브라질 임플란트 시장 점유율 14% 이상인 임플라실 드 보르톨리 지분 100%를 약 8980만달러(1220억원***REMOVED***에 인수하는 계약(SPA***REMOVED***을 체결했다.

지난 1982년 설립된 임플라실 드 보르톨리는 덴탈 임플란트, 치아 보철물, 임플란트 수술 키트 및 바이오소재 등 1300여개의 덴탈 솔루션을 생산, 판매한다.

브라질 탐보레와 캄부치 등의 생산시설 두 곳에서 연간 910만유닛을 생산하며, 물류센터 다섯 곳을 통해 브라질연방 1만3000곳 이상의 고객들에게 제품을 공급하고 있다.

2023년 9월 기준 직전 12개월(2022년 10월1일~2023년 9월30일***REMOVED*** 매출은 360억원, 상각전영업이익(EBITDA***REMOVED***은 110억원이며, 2020~2023년 연평균 매출 성장률 50.8%, 연평균 EBITDA 성장률은 60.4%를 기록했다. 브라질 최대 도시이자 인구 수 기준 세계에서 네 번째로 큰 도시인 상파울루에서 임플라실 드 보르톨리의 시장 점유율은 26.8%로 업계 1위다.

오스템임플란트의 임플라실 드 보르톨리 인수는 동종업계 기업 인수로 시장지배력을 확대하고 시너지 효과를 도출하는 '볼트온(bolt-on***REMOVED***' 전략의 일환이다.

오스템임플란트와 임플라실 드 보르톨리는 양사 제품을 교차 판매할 수 있으며, 브라질을 넘어 남미 시장 공략을 본격화하는 동시에 오스템임플란트의 선도적인 연구개발(R&D***REMOVED*** 혁신 기술로 임플라실 드 보르톨리 제품들을 향상시켜 브라질 내 시장 점유율을 확대할 수 있을 것으로 기대된다. 또 프리미엄 브랜드 '하이오센(Hiossen***REMOVED***'부터 가성비 제품까지 보다 다양한 제품군으로 핵심 주력 시장인 미국에서 오스템임플란트의 경쟁력을 한층 강화할 수 있을 것으로도 예상된다.

인수 자금은 오스템임플란트의 미국 법인 '하이오센(Hiossen Inc***REMOVED***'의 잉여 현금으로 마련될 것으로 알려졌다. 인수종결은 5월 말로 예상된다.

이로써 브라질 로컬 덴탈 임플란트 톱3 기업 모두를 글로벌 임플란트 기업들이 인수하게 됐다. 브라질 시장 점유율 1위인 네오덴트는 스위스 스트라우만에 2015년 4억9500만달러에 인수됐으며, 2위 SIN임플란트시스템스는 미국 헨리셰인이 지난해 5월 3억달러에 사들였다.

한편 프라이빗에쿼티(PE***REMOVED*** 운용사인 MBK파트너스와 UCK 파트너스 컨소시엄은 지난해 코스닥시장 공개매수를 통해 지분 총 99.3%를 획득하며 오스템임플란트를 인수했다.

◆ 한국공인회계사회가 오는 8일 오전 웨비나 형식으로 '제4회 가치평가 포럼'을 개최한다고 2일 밝혔다.

이번 포럼에서는 '가치평가업무 관련 공인회계사의 법적 책임'을 주제로 안태준 한양대 법학전문대학원 교수가 주제발표를 맡는다. 지난해 제2회 가치평가 포럼에서 논의된 '회계법인 가치평가 업무 관련 법적 책임'을 보다 깊이 있게 다룰 예정이다.

포럼에서는 공인회계사의 가치평가 업무 관련 중요 판례를 사실관계와 법리 중심으로 체계적으로 정리하고, 법적 쟁점에 대한 법원의 입장을 세밀하게 분석한다. 주제발표 이후에는 종합토론과 질의응답이 이어진다.

포럼은 웨비나로 진행하며 온라인을 통해 실시간으로 참여할 수 있다.

김영식 한국공인회계사회 회장은 ""공인회계사는 전문지식과 직업적 책임감을 바탕으로 자본시장의 미래를 이끌어가는 전문가의 역할을 성실히 수행해왔다""라며 ""이번 포럼이 가치평가 전문가로서의 역량을 강화하는데 유익한 장이 될 것으로 기대한다""고 말했다.

◆ 여의도의 새 랜드마크인 TP타워(옛 사학연금회관***REMOVED***가 최근 재건축 공사를 끝내고 본격적인 입주를 시작하면서 증권가의 이목이 쏠리고 있다.

2일 금융투자업계를 인용한 연합뉴스에 따르면 TP타워에는 신한투자증권과 키움증권, 우리종합금융(우리종금***REMOVED***, 타임폴리오자산운용 등 금융사들이 잇달아 입주한다.

우리종금은 지난달 29일 입주해 서울영업부가 업무를 시작했으며, 신한투자증권과 키움증권, 타임폴리오자산운용 등은 5∼6월 순차적으로 이전한다.

TP타워는 연면적 14만1669㎡, 지하 6층∼지상 42층 규모의 오피스로 2020년 10월 착공했다. 서울 지하철 여의도역 5·9호선 1·2번 출구와 맞닿아있는 초역세권 빌딩이다.

코람코자산신탁이 운용하는 코크렙티피위탁관리부동산투자회사(코크렙TP리츠***REMOVED***의 자산이며, 해당 리츠는 사학연금공단이 지분 약 97%를 소유하고 있다.

코크렙TP리츠 보고서에 공시된 임대차 현황을 보면 임차 기간이 긴 신한투자증권과 신한자산운용 등 신한금융 계열사들이 고층·중층부인 23∼41층에 입주하며, 본사 건물 재건축 기간에만 임차하는 키움증권과 키움자산운용, 키움인베스트먼트 등 키움그룹 계열사는 저층부인 4∼12층에 자리한다.

이 밖에도 한국투자증권 일부 부서가 13∼14층에 들어가며, 타임폴리오자산운용과 우리종금은 각각 15∼16층, 20∼22층에 자리를 잡는다. '건물주'인 사학연금은 꼭대기 층인 42층을 차지한다.

흥미로운 점은 TP타워에 둥지를 트는 증권사 최고경영자(CEO***REMOVED***들이 모두 대우증권 출신이라는 사실이다.

김상태 신한투자증권 대표이사 사장, 엄주성 키움증권 대표이사 사장은 각각 1989년, 1993년 대우증권에 입사하며 증권업과 인연을 맺었다.

김 사장은 대우증권 기업금융(IB***REMOVED***부장, 기업금융사업본부 주식인수부장 등을 거쳐 메리츠증권 IB사업본부장, 유진투자증권 IB사업본부 기업금융파트장, 미래에셋증권 IB 총괄 사장 등을 역임한 '정통 IB맨'이다.

엄 사장은 대우증권 기획실, 영업추진부를 거친 뒤 자기자본투자(PI***REMOVED*** 분야에서 경력을 쌓고 2007년 키움증권에 자기자본투자(PI***REMOVED*** 팀장으로 합류했다.

키움증권에서는 투자운용본부장과 전략운용본부장, 전략기획본부장 등을 지내고 올해 초 키움증권 대표이사 사장으로 취임했다.

증권업 진출을 선언한 우리종금의 남기천 대표이사 역시 대우증권 출신이다. 남 대표는 1989년 대우증권에 입사한 뒤 런던법인장, 파생시장본부장, 고유자산운용본부장, 대체투자본부장 등을 지냈으며 멀티에셋자산운용·우리자산운용 대표를 거친 뒤 지난 2월 우리종금 대표로 선임됐다.

우리종금은 온라인 펀드 판매를 전문으로 하는 한국포스증권을 인수·합병한 뒤 증권업 라이선스를 확장할 방침이다.

증권가에서는 '대우증권 프리미엄'이 존재한다는 우스갯소리도 떠돈다. 과거 대우증권이 '증권사관학교'라는 수식어로 불릴 정도로 탄탄한 맨파워를 자랑하며 숱한 인재들을 배출한 증권사였기 때문이다.

전통적 브로커리지(주식위탁매매***REMOVED***뿐만 아니라 리서치와 기업금융(IB***REMOVED***, 자산관리(WM***REMOVED*** 등 전 부문에서 명성을 떨쳤다.

다만 일각에서는 대우증권 출신들의 '끈끈함'이 조직 문화를 저해하는 역기능도 만만치 않다는 우려의 목소리도 제기된다.

대우증권은 2016년 미래에셋증권에 합병되면서 역사의 뒤안길로 사라졌지만, 일부 대우증권 출신 업계 임원들은 현재도 단체 채팅방 등에서 소통하며 '명맥'을 유지하고 있는 것으로 알려졌다.

한 증권가 관계자는 ""대우증권이라는 이름이 사라진 지 수년이 흘렀지만 여의도 자본시장에서 갖는 파워는 여전한 것 같다""고 말했다.

◆ NH투자증권 100세시대연구소는 ‘당신의 노후를 바꾸는 선택’을 주제로 THE100리포트 90호를 발간했다고 2일 밝혔다.

THE100리포트는 NH투자증권 100세시대연구소에서 발간하는 리서치 자료로 행복한 100세시대를 위한 생애자산관리, 100세시대트렌드 등 다양한 주제를 연구한다.

이번 호에선 대한민국 직장인 대상 퇴직연금 서베이 결과를 분석하고 대표적인 인컴자산인 채권의 주요 특징과 금연의 경제적 효과를 담았다.

첫 번째 리포트 ‘직장인 퇴직연금 보고서 Part 1’에선 퇴직연금에 가입한 30~59세의 직장인 대상 서베이 결과를 분석·소개하고 있다.

가입자의 금융상품 지식수준과 투자성향에 따라 금융회사 선택기준이나 목표수익률 등이 어떻게 달라지는지를 살펴보고 내재한 문제점에 대한 대안을 제시하고 있다. 후속편엔 퇴직연금 확정기여(DC***REMOVED***형 가입자의 운용 행태, 은퇴 후 노후 준비 계획 등을 연이어 다룰 예정이다.

두 번째 리포트 ‘채권 직접투자, 왜 하는 걸까? Part 1’에선 우리나라 채권시장 현황을 소개하고 채권(Bond***REMOVED***이라는 금융상품의 기본적인 특징과 가격 결정 원리를 설명하고 있다. 후속편에선 채권 직접투자의 위험과 매력을 다룰 예정이다.

세 번째 리포트 ‘당신의 노후를 바꾸는 선택. 금연이 드리는 선물, 연금!’은 우리나라 담배가격의 현황과 전망을 소개하고, 평생 금연하면 얻게 되는 경제적 효과를 국민연금에 빗대어 설명하고 있다.

김진웅 NH WM마스터즈 수석전문위원(NH투자증권 100세시대연구소장***REMOVED***은 ""이번 리포트를 통해 우리나라 직장인들의 퇴직연금에 대한 인식 일부를 엿볼 수 있다""며 ""정기적인 현금흐름을 창출해 주는 채권의 특성을 이해하고 금연의 경제적 효과를 월 연금수령액으로 제시함으로써 담배와 헤어질 결심을 하는 데도 도움을 줄 수 있을 것""이라고 설명했다.

THE100리포트는 NH투자증권 홈페이지 100세시대연구소에서 확인할 수 있다.

◆ 미래에셋증권은 미국 상장주식과 상장지수펀드(ETF***REMOVED***로 나만의 투자전략을 생성해 간편하게 투자할 수 있는 웰스테크(Wealth Tech***REMOVED*** 서비스를 MTS(M-STOCK***REMOVED***를 통해 출시했다고 2일 밝혔다.

윌스테크 서비스는 2022년 9월에 출시한 퇴직연금 로보어드바이저 서비스에 이어 두 번째 인공지능(AI***REMOVED***을 활용한 자산배분 투자 솔루션이다. 나만의 투자전략을 반영한 EMP(ETF Managed Portfolio***REMOVED*** 혹은 전략지수를 생성해 간편하게 일괄매매 할 수 있는 포트폴리오 매매 서비스다.

고객 스스로 투자 포트폴리오를 구성할 수 있다는 점에서 개별종목이 주요 투자대상인 '다이렉트 인덱싱'과 유사한 측면이 있다. 그러나 다양한 테마 ETF로 구성된 지수(웰스테크 지수***REMOVED***를 기본 제공해 글로벌 분산투자를 추구하도록 가이드 하는 투자 플랫폼 역할에 주안점을 뒀다.

고객이 원할 경우에는 개별종목으로 본인만의 지수 구성도 가능하다. AI 비중 추천 기능은 미래에셋증권이 자체 기술력으로 개발한 위험(변동성***REMOVED*** 관리 기반 지수산출 및 성과 시뮬레이션 수행 엔진으로 웰스테크에서 가장 역점을 두고 개발한 솔루션이다. 관심 있는 ETF 혹은 주식을 20개 범위 내에서 선택하면 ▲변동성 낮추기 ▲리스크 분산 ▲분산투자 극대화 세 가지 방식으로 종목별 추천 투자비중을 제안해주고 각 방식에 맞춰 과거 투자 성과를 비교분석 해주는 기능이다.

이 서비스는 사용자가 지수를 만들고 공개할 수 있다. 미래에셋증권은 공개 설정한 지수를 대상으로 매일 수익률과 변동성, 최대 하락폭 등을 고려해 상위 100개 지수(데일리 탑100 지수***REMOVED***를 공표할 예정이다. 이 지수를 팔로우해 자신의 지수 보관함에 저장한 뒤 시세 변화를 관찰할 수 있으며 원지수가 업데이트 되면 알림도 받아볼 수 있다.

미래에셋증권 관계자는 ""M-STOCK 이용 고객이라면 별도의 서비스 신청절차 없이 로그인 후 지수 만들기 및 AI 비중추천 서비스를 이용할 수 있다""라며 ""오픈 이벤트로 최대 20개까지 지수를 저장하고 모의투자 수익률 관찰이 가능하다. 추후에는 사용자당 지수 생성 개수에 제한을 둘 예정이며 연말까지 해외주식 거래수수료 외에 별도 서비스 이용료는 부과하지 않을 예정""이라고 말했다.

◆ 한국투자증권은 지난달 8일부터 단독 판매한 손익차등형 공모펀드 ‘한국투자삼성그룹성장테마펀드’가 약 577억원을 모집하며 설정을 완료했다고 2일 밝혔다.

한국투자금융그룹의 후순위 투자 출자 분까지 포함해 전체 운용 규모는 660억원 수준이다. 반도체·2차전지·바이오 등 삼성그룹의 주도산업과 해당 산업군 내 관련 기업에 투자하는 이 펀드는 일반 고객을 선순위로, 한국투자금융지주를 비롯한 계열사를 후순위로 해 손실 발생시 -15%까지는 후순위 투자자가 먼저 손실을 반영한다.

이익이 발생하면 10%까지 선순위 투자자의 이익으로 우선 배정하고, 초과 이익부터는 선순위와 후순위 투자자가 절반씩 나눠 갖는다. 운용은 한국투자신탁운용이 맡는다. 한국투자증권은 앞서 글로벌 주식에 투자하는 손익차등형 상품인 ‘한국투자글로벌신성장펀드’ 및 ‘한국투자인공지능(AI***REMOVED***빅테크펀드’를 연이어 출시했다.

자산 가격이 하락하더라도 일정 수준까지는 손실을 방어할 수 있다는 점에서 공모펀드 시장의 위축에도 불구하고 투자자로부터 큰 호응을 얻고 있다. 지난 1월에 출시한 한국투자AI빅테크펀드는 설정 이후 4%를 웃도는 안정적인 수익률을 기록하고 있다.

양원택 한국투자증권 투자상품본부장은 ""향후에도 다양한 테마에 투자하고, 손실 우려를 줄이면서 안정적인 수익을 추구할 수 있는 구조의 상품을 출시하여 고객 수익률을 높일 수 있도록 하겠다""고 말했다.

◆ KB증권은 5월 가정의 달을 맞아 ‘사랑하는 사람에게 주식 선물하세요, 당신에겐 KB증권이 드립니다!’ 이벤트를 진행한다고 2일 밝혔다.

KB증권 국내거주 개인고객이면 이달 말까지 누구나 참여 가능하다. 이벤트 기간 중 주식 선물하기 서비스를 통해 보유하고 있는 주식을 선물하고 상대방이 선물 받기를 완료하면, 선물한 고객을 대상으로 추첨을 통해 삼성전자 1주(50명***REMOVED***, 엔비디아 3만원 소수점 주식(100명***REMOVED***, 해외주식쿠폰 1만원(200명***REMOVED***, 국내주식쿠폰 5000원(300명***REMOVED***을 제공한다.

주식 선물하기는 상대방의 ‘이름’과 ‘핸드폰번호’만 있으면 내가 보유하고 있는 국내, 해외주식을 선물할 수 있는 서비스다. 선물을 받는 상대방에게 KB증권 계좌가 없을 경우 선물 받은 날과 다음날로부터 7영업일 이내 KB증권 계좌를 개설하면 선물을 받을 수 있다. 단, 주식 선물을 수령하지 않으면 자동 취소된다.

주식 선물하기 서비스를 통해 해외주식을 선물할 경우 소수점 주식으로도 최소 5000원부터 선물을 할 수 있다. 1주당 가격이 높아 선물하기 부담스러웠던 해외주식 종목도 부담없이 선물할 수 있다.

주식 선물하기를 활용해 미성년 자녀에게 일찍 증여할수록 절세에 유리할 수 있다. 증여세 비과세 한도는 미성년 자녀일 경우 10년 2000만원으로, 성년이 될 때까지 10년 이상이 남았다면 최대 4000만원까지 비과세 혜택을 누릴 수 있다.

김영일 KB증권 마블(M-able***REMOVED*** 랜드 트라이브장은 “가정의 달을 맞이해 감사와 사랑을 전하고 싶은 분들에게 주식을 선물하며 특별한 추억을 만드시길 바란다”며 “특히 자녀에게 주식을 선물하면서 사랑을 전달함과 동시에 이를 자녀 경제교육의 기회로도 삼아 보시길 제안드리고 싶다”고 말했다.

이벤트 참여 및 주식 선물하기는 MTS KB 마블, 마블 미니와 WTS 마블 와이드를 통해 가능하다. 소수점 주식은 마블미니, 마블 와이드에서 선물할 수 있다.

◆ KB증권은 지난달 30일 서울시와 ‘모두의 1층×서울’ 프로젝트에 관한 업무협약식을 진행했다고 2일 밝혔다.

이번 업무협약식은 서울시청에서 임경식 KB증권 커뮤니케이션본부장과 조미숙 서울시 약자와의동행추진단장, 임성택 모두의 1층 이니셔티브 대표 등 관계자들이 참석한 가운데 진행됐다.

모두의 1층×서울 프로젝트는 공공의 의지나 노력만으로 해결되지 않는 사회문제를 서울시와 민간기업이 함께 해결하는 약자동행 민관협력 프로젝트다. 교통약자 및 이동약자의 생활편의시설 접근성 향상을 위한 경사로 설치를 지원하는 프로젝트다.

KB증권은 모두의 1층×서울을 후원하는 첫 민간기업이다. 강서구, 노원구 등 교통약자 및 이동약자 인구가 많은 지역의 프랜차이즈 가맹점과 일반 소상공인을 대상으로 1층 매장 입구 경사로 설치를 지원할 예정이다.

임경식 KB증권 커뮤니케이션본부장은 “KB증권은 취약계층을 돕기 위해 인권, 다양성 등 사회적 이슈에 맞춰 지역사회와 공동체에 적극적으로 지원하고 있다”며 “앞으로도 ESG중심 지속가능경영과 함께 사회적 가치 창출에 앞장서겠다”고 말했다.

한편, KB증권은 공동체 유대감 강화에 앞장서기 위해 다양한 취약계층 지원 사업을 시행하고 있다. 취약계층 아동에게 스포츠 교육을 제공하는 ‘깨비증권 축구교실’, 우아한형제들과 함께 방학기간 중 결식 우려 아동에게 도시락을 전달하는 ‘배민방학도시락’ 사업 및 저소득 취약청년들의 체납 건강보험료 지원 사업 등을 벌이고 있다.

또 도심과 농어촌 의료격차 해소를 위한 ‘행복뚝딱 농어촌 의료봉사’, 소외계층 가정과 함께하는 1박 2일 ‘깨비증권 행복캠핑’ 등 다양한 취약계층 지원 사업을 진행하고 있다.

◆ 유진투자증권은 창립 70주년을 맞아 ‘저소득층 희망 가구 제작 및 기부’ 봉사활동을 진행했다고 2일 밝혔다.

이번 활동은 유진투자증권의 창립 70주년을 기념해 마련된 사회공헌 프로그램 중 하나다. 자발적으로 참여 의사를 밝힌 20여 명의 직원은 지난달 양일간 용산구 소재 공방에 모여 아동용 책장 5개와 도마 10개를 제작했다. 제작된 책장과 도마는 지난달 30일 저소득층 아동청소년의 방과 후 학습 등을 지원하는 종로구와 중구 소재의 지역아동센터에 기부됐다.

오는 12일 창립 70주년을 맞이하는 유진투자증권은 ‘따뜻한 사회를 만드는 기업’이라는 경영방침을 되새기고 ESG 경영을 강화하겠다는 다짐을 담아 릴레이 사회공헌 프로그램을 마련했다. 지난달부터 ‘임직원 2억보 걷기 챌린지’가 진행되고 있으며 시각장애인을 위한 점자 큐브 제작 봉사활동도 진행 중이다.

유진투자증권은 이번 릴레이 사회공헌 외에도 작년 도입한 임직원 자율형 테마 봉사활동을 올해도 진행할 예정이다.

봉사를 희망하는 임직원은 ▲상암동 노을공원 내 유진의 숲 가꾸기 ▲영등포 홈리스센터 노숙인 배식 ▲지역아동센터 배식 ▲장애 직원 미술 활동 지원 중 원하는 활동을 선택해 회사의 지원과 함께 봉사활동을 펼치게 된다.

이번 프로그램에 참여한 임동규 유진투자증권 과장은 ""가구를 직접 제작하는 게 생각보다 힘들었지만 지역사회와 아동들에게 조금이라도 도움이 될 수 있다는 생각에 보람차게 작업했다""고 말했다.

◆ 신한투자증권은 신한금융그룹의 통합앱 신한 슈퍼SOL에서 '미국주식 매수수수료 ZERO' 이벤트를 8월 30일까지 실시한다고 2일 밝혔다.

'신한 슈퍼SOL'은 신한금융의 주요 그룹사인 은행, 카드, 증권, 라이프, 저축은행 등 5개사 금융앱의 핵심 기능을 결합해 한 곳에서 편리하게 금융 업무를 볼 수 있는 통합 앱이다.

이번 이벤트가 실시됨에 따라 신한 슈퍼SOL에서 미국주식 매수 시 수수료 무료 혜택이 적용된다. 매도 시에는 0.07%의 수수료가 적용된다.

신한투자증권 비대면 채널을 통해 개설된 증권종합계좌, CMA, S-LITE+계좌, 신한은행 S-LITE계좌를 보유한 고객이라면 누구나 별도의 신청 없이 혜택이 자동 적용된다. 단, 관리점 또는 컨설턴트가 등록된 계좌는 제외되고 신한 SOL증권 앱 및 홈트레이딩시스템(HTS***REMOVED***에서는 해당 혜택이 적용되지 않는다.

전형숙 DX그룹장은 ""앞으로도 지속 고객 편의성을 높이고 주식 거래의 실질적인 혜택을 제공하기 위해 노력하겠다""라고 말했다.

이벤트에 대한 자세한 사항은 신한 슈퍼SOL 앱에서 확인할 수 있다.

◆ 현대차증권은 자사 고객을 대상으로 지난 3월 22일부터 'KIA타이거즈 연계 월별 승수 예측 이벤트'를 진행하고 있다고 2일 밝혔다.

현대차증권은 각 회차에 해당하는 기간 안에 매월 KIA타이거즈의 합산 승수를 맞힌 적중자에게 ‘현대차증권 온라인 금융상품권’ 총 1200만원을 적중자 수로 나눠 매 회차 지급한다. 대상자 중 미적중자에게는 매 회차 5명을 추첨해 KIA타이거즈 선수 사인 유니폼을 증정할 예정이다.

이벤트는 정규리그 종료일까지 진행된다. 각 회차에 해당하는 기간 거래 요건을 충족한 고객이 대상이다. 거래 요건은 위탁계좌·연금저축계좌·개인종합자산관리계좌(ISA***REMOVED***를 통해 월별 현대차증권이 지정한 해당 투자 상품을 거래한 경우다. 월별 요건은 변경될 수 있으니 매달 현대차증권 모바일트레이딩시스템(MTS***REMOVED*** ‘내일’에서 확인이 필요하다.

그뿐만 아니라 현대차증권은 지난 2월 고객 여부와 무관하게 모집한 KIA타이거즈 응원단 ‘호랭이들’ 중에서도 월간 승수 연계 이벤트에 참여해 당첨된 252명에게 현대차증권 금융상품권 4만원(2인 입장권 금액 상당***REMOVED***을 지급할 예정이다.

‘호랭이들’ 대상 ‘V12 범접하라!’ 이벤트는 두 가지로 진행된다. 먼저 매월 KIA타이거즈의 승리 수에 따라 추첨 후 현대차증권 금융상품권 4만원권(2인 입장권 금액 상당***REMOVED***을 증정하는 정기 이벤트를 진행한다. 상·하반기 팝업 이벤트도 진행할 예정이다. KIA타이거즈가 포스트시즌에 진출하거나 한국시리즈 우승을 하면 진행하는 이벤트에도 응모 자격이 주어진다.

한편, 최근 KIA타이거즈는 4월 한 달 25경기 중 16승을 달성했다. 6할 이상의 높은 승률을 기록하며 5월 2일 오전 기준 정규 리그 1위를 달리고 있다.

◆ 한화투자증권은 6월 28일까지 '최대 50만원 지급' 장외채권투자 이벤트를 실시한다고 2일 밝혔다.

이번 이벤트는 비대면 계좌 및 은행연계계좌 보유 고객이 대상이다. 신청은 한화투자증권 모바일앱(SmartM***REMOVED***을 통해 가능하다. 단, 영업점 계좌, 법인, 스탁론 계좌 등은 제외다.

한화투자증권은 이벤트 신청 후 이벤트 기간 내 SmartM을 통해 장외채권을 매수한 고객에게 순매수금액별 매수지원금 최대 50만원을 지급한다.

장외채권 투자 방법은 한화투자증권 SmartM 설치 후 장외채권 메뉴에서 투자성향에 맞는 장외채권을 선택해 매수하면 된다.

임주혁 한화투자증권 리테일본부 임주혁 상무는 ""상대적으로 수익률 변동성이 낮은 채권은 자산 관리 포트폴리오에서 중요한 금융상품 중 하나""라며 ""앞으로도 채권 투자자에게 도움을 줄 수 있는 이벤트를 확대해 나가겠다""고 밝혔다.

◆ 신한자산운용은 SOL AI반도체소부장 상장지수펀드(ETF***REMOVED***의 순자산이 4000억원을 넘어섰다고 2일 밝혔다. 국내 상장된 인공지능(AI***REMOVED*** 반도체 관련 ETF 중 최초다.

김정현 신한자산운용 ETF 사업본부장은 ""SOL AI반도체소부장으 반도체 세분화 전략에 따라 기존 반도체와 ETF와 차별화된 포트폴리오를 통해 상장 이후 현재까지 개인투자자와 은행 고객의 꾸준한 관심을 받고 있다""며 ""반도체 섹터의 대세 상승 직전에 시의적절한 상장을 통해 상장 이후 65%가 넘는 수익률을 기록하며 국내 대표 AI 반도체 ETF로 자리 잡았다""고 말했다.

SOL AI반도체소부장은 삼성전자와 SK하이닉스 등 종합반도체 생산기업을 제외하고, 국내 대표 AI 반도체 소재·부품·장비 기업에만 집중해 투자할 수 있는 포트폴리오 구성을 갖췄다. 반도체 시장의 기술 트렌드 측면에서 고대역폭메모리(HBM***REMOVED*** 관련 기업이 55%, 미세화 공정 관련 기업 비중이 약 40%에 달한다.

포트폴리오 상위 종목에 포진한 한미반도체, 리노공업, 이오테크닉스, HPSP 등은 최근 1년 사이 국내 대표 AI 반도체 종목으로 주목받으며 급등했다. SOL AI반도체소부장도 최근 3개월, 6개월, 1년 수익률이 각각 19.62%, 41.58%, 63.02%를 기록했다. 1년 수익률은 국내 반도체 ETF 중 1위다.

80억원이던 순자산은 상장 2개월 만에 1000억원을 넘어섰다. 지난해 연말에는 2900억원으로 불었고, 올해는 상장 1년 만에 4000억원 규모로 성장했다.

김 본부장은 ""반도체 사이클에 대한 분석을 통해 업황 개선에 대응하기 위한 선제적 상품 출시와 반도체 소부장 기업 중심의 종목 구성이 유효했다""며 ""지난해 하반기부터 우량한 국내 반도체 소부장 기업들이 AI 직간접 수혜주로 부각된 것이 ETF 성과에 크게 기여했다""고 말했다.

◆ 미래에셋자산운용은 캐나다 ETF 자회사 ‘Global X Canada(글로벌엑스 캐나다***REMOVED***’가 사명 변경을 통해 새롭게 출범한다고 2일 밝혔다.

Global X Canada(전 Horizons ETFs***REMOVED***는 1일 캐나다 토론토 증권거래소에서 로히트 메타 CEO(최고경영자***REMOVED***와 임직원들, 업계 관계자 등이 참석한 가운데 리브랜딩 기념 마켓 오픈 세레모니를 진행했다.

이날부터 ‘Horizons’ 브랜드를 사용하던 ETF 종목명은 일괄 ‘Global X’로 변경됐다. 종목명 외 운용 전략 등은 동일하게 유지된다.

Global X Canada는 새로운 출범과 함께 5월 중 Global X ETF 17종을 캐나다 거래소에 신규 상장할 예정이다. 4월 말 기준 Global X Canada의 총 운용자산 규모는 319억 캐나다달러(233억 달러***REMOVED*** 수준으로, 캐나다 현지 ETF 운용사 중 4위다.

미래에셋자산운용은 글로벌 ETF 브랜드 통합 작업을 추진해왔다. 4월 말 기준 미래에셋 글로벌 ETF 순자산 규모는 약 160조원이다. 캐나다에 앞서 홍콩과 콜롬비아 ETF 브랜드를 각각 ‘Global X Hong Kong(글로벌엑스 홍콩***REMOVED***’, ‘Global X Colombia(글로벌엑스 콜롬비아***REMOVED***’로 변경했다. 이후 미래에셋자산운용 브라질 법인은 ‘Global X Brazil(글로벌엑스 브라질***REMOVED***’로, 호주 ‘ETF Securities’는 ‘Global X Australia(글로벌엑스 오스트레일리아***REMOVED***’로 리브랜딩했다.

Global X Canada 로히트 메타 CEO는 ""캐나다 ETF 시장에서 지난 20년간 혁신적이고 차별화된 상품을 선보이며 캐나다를 대표하는 ETF 운용사로 자리매김했다""며 ""앞으로 세계 미래에셋그룹의 글로벌 네트워크와 Global X ETF 플랫폼을 기반으로 더욱 향상된 투자솔루션을 제공하겠다""고 전했다.

김영환 미래에셋자산운용 사장은 ""새롭게 출발하는 Global X Canada가 현지 투자자들에게 새로운 투자 경험을 제공해줄 것으로 기대한다""며 “미래에셋은 세계 ETF 투자자들에게 경쟁력 있는 상품을 지속적으로 선보일 수 있도록 노력하겠다""고 말했다.

◆ 아카마이 테크놀로지스(아카마이코리아***REMOVED***는 2일 기업이 제로 트러스트 목표를 달성하도록 지원하는 아카마이 가디코어 플랫폼(Akamai Guardicore Platform***REMOVED***을 발표했다.

아카마이 가디코어 플랫폼은 업계를 선도하는 ZTNA(Zero Trust Network Access***REMOVED***와 마이크로세그멘테이션을 결합한 최초의 보안 플랫폼으로, 보안팀이 랜섬웨어를 차단하고 컴플라이언스 의무를 준수하며 하이브리드 인력 및 하이브리드 클라우드 인프라를 보호할 수 있도록 지원한다.

랜섬웨어 조직들은 갈취와 취약점을 악용하는 방식 모두에 있어서 더욱 공격적으로 변하고 있으며, 기존 보안 툴로는 따라잡을 수 없을 만큼 빠르게 공격 전술과 기법을 발전시키고 있다. 아카마이 보고서에 따르면, 2021년 4분기와 2022년 4분기 사이 아태지역에서 랜섬웨어 피해를 본 기업이 50% 증가했으며, 2022년 1분기와 2023년 1분기를 비교했을 때는 피해 기업 수는 전년 대비 204%나 급증한 것으로 나타났다.

오늘날 각 기업의 보안팀은 급격하게 증가하는 랜섬웨어 공격과 점점 더 엄격해지는 규정 준수 의무 때문에 큰 어려움을 겪고 있다. 네트워크 방화벽과 VPN 같은 기존의 경계 기반 보안 솔루션 역시 오늘날의 위협적인 환경에서는 더 이상 효과를 발휘하지 못한다. 게다가 기존 보안 툴에서 빈번하게 노출되는 취약점 때문에 랜섬웨어 조직의 공격 표면이 줄어들기는 커녕 오히려 공격 표면이 더 늘어나고 있다.

가트너(Gartner***REMOVED***에 따르면, 2026년까지 제로 트러스트 아키텍처를 채택하고자 하는 기업의 60%가 두 가지 이상의 마이크로세그멘테이션 배포 형식을 사용할 것으로 보이는데, 이는 2023년의 5% 미만에서 크게 증가한 것이다. 이러한 현상은 아태지역에 있어 매우 의미가 크다고 할 수 있다. 아카마이 보고서에 의하면 아태지역 기업들이 기술과 전문성 부족을 세분화의 가장 큰 과제로 지목했기 때문이다.

아카마이의 루벤 코(Reuben Koh***REMOVED*** 아태지역 보안 기술 및 전략 부문 디렉터는 ""아태지역 전역에서 많은 보안팀이 ZTNA 및 마이크로세그멘테이션과 같은 고급 솔루션을 배포하는 데 어려움을 겪고 있다. 이는 마이크로세그멘테이션 같은 솔루션에 대한 전문성과 지식이 부족하기 때문이다. 이러한 문제를 해결하기 위해서는 이들 솔루션이 훨씬 더 간소화되고 통합되어, 보다 쉽고 효율적으로 보안을 강화할 수 있어야 한다”고 말했다.

아카마이의 파벨 구르비치(Pavel Gurvich***REMOVED*** 기업 보안 총괄 수석부사장 겸 총괄 매니저는 “보안팀은 랜섬웨어 위협에 대응하고 엄격한 컴플라이언스 기준을 관리하는 동시에 벤더사를 통합하고 예산을 관리해야 하는 등 그 어느 때보다 큰 부담을 안고 있다""며 ""제로 트러스트를 도입하는 기업들은 모든 자산과 접속 정책에 대한 광범위한 가시성과 세분화된 제어 기능을 제공하는 간소화된 경험을 원한다. 보안 전문가는 아카마이 가디코어 플랫폼을 단일 콘솔로 배포해 에이전트를 통합하고 다양한 인프라에서 제로 트러스트 원칙을 구축할 수 있다""고 말했다.",지연
https://www.incheonilbo.com/news/articleView.html?idxno=1247725,9호선 일반열차 연장·조속 개통 촉구,[***REMOVED***,2024-05-02 19:44:00+09:00,"하남시·강동구 TF 공동대응

현안 해결 두 지자체 목소리

“급행만 운행땐 혼잡 불보듯”

경기도 이어 서울시에 건의 예정

▲ 9호선 강동하남남양주선 노선도(전략환경영향평가서 발췌***REMOVED***./사진 제공=하남시

하남시와 서울 강동구가 9호선 강동하남남양주선 일반열차 연장 운행과 조속 개통을 경기도에 촉구하고 나섰다.

강동하남남양주선 현안 해결을 위해 두 지자체가 목소리를 낸 것인데, 강일·하남 공동대응 협력 T/F 추진단을 구성해 공동 대응하기로 했다.

2일 하남시 등에 따르면 경기도는 서울지하철 9호선을 강동구 강일동에서 하남을 거쳐 남양주시까지 연결하는 강동하남남양주선 철도 건설사업을 추진 중이다. 하지만 이 노선 기본계획(안***REMOVED***의 열차 운영계획은 현재 건설 공사가 진행 중인 9호선 4단계의 종착역인 942정거장까지만 일반열차를 운영하고, 이후 구간인 943정거장(강일동***REMOVED***부터 950정거장 (남양주시***REMOVED***까지는 급행열차만 운영하도록 하고 있다.

이 때문에 모든 이용객이 급행열차로 몰리는 혼잡시간대 이용자의 불편이 불 보듯 뻔할 것이라는 우려가 나온다.

이에 하남시와 강동구는 지난달 29일 관련 T/F 추진단을 구성하고, 혼잡 완화를 위한 일반열차 연장 및 강일~미사구간 조속 개통을 요구하는 공동건의문을 경기도에 제출했다.

앞서 경기도는 지난 3월 강동하남남양주선 공청회와 주민설명회를 열었으며, 이 자리에서 하남시와 강동구 주민들은 9호선 연장에 대한 기대와 함께 극심한 혼잡을 우려하는 목소리를 낸 바 있다.

하남시와 강동구는 서울시에도 이 같은 내용을 담은 공동건의문을 제출할 예정이다. 이와 함께 사업 주관인 경기도를 비롯한 각 관계기관에 하남시와 강동구의 의견이 반영돼 강동하남남양주선 기본계획 및 실시설계에 944 정거장 일반열차 연장 등이 반영될 수 있도록 한다는 계획이다.

이현재 하남시장은 “강일~미사 구간은 2016년에 이미 3차 국가철도망에 반영됐음에도 불구하고 이후 왕숙지구 공공주택 지구 지정으로 사업이 지연돼 미사강변신도시 주민들이 교통 불편을 겪고 있다”며 “두 지자체의 의견이 반영될 수 있도록 다양한 노력을 기울이겠다”고 말했다.

/하남=이종철 기자 jclee@incheonilbo.com

저작권자 © 인천일보-수도권 지역신문 열독률 1위, 무단전재 및 재배포 금지",지연
